content_id,publish_at,section_id,content_type,is_paywalled,word_cnt,author_primary_id,headline_len,has_number_in_headline,is_sponsored
cnt_20241001_001,2024-10-01 20:59:00,sec_vid,video,False,1088,stf_0433,17,True,False
cnt_20241001_002,2024-10-01 17:09:00,sec_pod,news,False,969,stf_0357,19,False,False
cnt_20241001_003,2024-10-01 15:30:00,sec_tech,feature,True,3471,stf_0302,16,True,False
cnt_20241001_004,2024-10-01 09:32:00,sec_opin,feature,False,4181,stf_0295,21,True,False
cnt_20241001_005,2024-10-01 16:23:00,sec_edu,feature,False,3465,stf_0104,12,False,False
cnt_20241001_006,2024-10-01 19:11:00,sec_vid,video,False,672,stf_0433,18,True,False
cnt_20241001_007,2024-10-01 13:18:00,sec_opin,news,False,406,stf_0056,12,False,False
cnt_20241001_008,2024-10-01 20:03:00,sec_vid,video,False,1220,stf_0224,13,False,False
cnt_20241001_009,2024-10-01 18:12:00,sec_vid,video,False,1277,stf_0060,16,False,False
cnt_20241001_010,2024-10-01 19:55:00,sec_shop,feature,False,2600,stf_0158,17,False,False
cnt_20241001_011,2024-10-01 19:41:00,sec_vid,video,False,1390,stf_0224,16,False,True
cnt_20241001_012,2024-10-01 13:47:00,sec_life,news,False,1068,stf_0212,15,False,False
cnt_20241001_013,2024-10-01 22:39:00,sec_vid,video,False,1090,stf_0001,22,True,False
cnt_20241001_014,2024-10-01 17:20:00,sec_vid,feature,False,3728,stf_0083,19,True,False
cnt_20241001_015,2024-10-01 18:29:00,sec_shop,news,False,945,stf_0421,12,False,False
cnt_20241001_016,2024-10-01 13:24:00,sec_soc,news,False,396,stf_0008,21,True,False
cnt_20241001_017,2024-10-01 09:09:00,sec_vid,news,False,861,stf_0106,10,False,False
cnt_20241001_018,2024-10-01 18:52:00,sec_env,feature,True,1912,stf_0096,12,False,False
cnt_20241001_019,2024-10-01 19:22:00,sec_vid,video,False,872,stf_0396,25,True,False
cnt_20241001_020,2024-10-01 20:01:00,sec_vid,video,False,1011,stf_0001,12,True,False
cnt_20241001_021,2024-10-01 16:34:00,sec_event,news,False,626,stf_0259,15,False,False
cnt_20241001_022,2024-10-01 16:02:00,sec_tech,news,True,1010,stf_0145,11,False,False
cnt_20241001_023,2024-10-01 13:18:00,sec_pod,podcast,False,4661,stf_0129,12,False,False
cnt_20241001_024,2024-10-01 13:16:00,sec_fin,news,True,364,stf_0358,13,True,False
cnt_20241001_025,2024-10-01 19:24:00,sec_deep,news,True,869,stf_0086,18,True,False
cnt_20241001_026,2024-10-01 14:54:00,sec_shop,news,False,710,stf_0045,21,False,False
cnt_20241001_027,2024-10-01 14:56:00,sec_brand,news,False,651,stf_0365,19,False,False
cnt_20241001_028,2024-10-01 13:20:00,sec_ent,news,False,788,stf_0015,17,False,False
cnt_20241001_029,2024-10-01 07:56:00,sec_intl,news,False,1186,stf_0117,8,False,False
cnt_20241001_030,2024-10-01 13:18:00,sec_ent,feature,False,3840,stf_0015,8,False,False
cnt_20241001_031,2024-10-01 10:18:00,sec_shop,news,False,929,stf_0373,14,True,False
cnt_20241001_032,2024-10-01 15:43:00,sec_opin,news,False,709,stf_0040,12,False,False
cnt_20241001_033,2024-10-01 14:21:00,sec_fin,news,True,1158,stf_0049,14,False,False
cnt_20241001_034,2024-10-01 13:15:00,sec_pod,podcast,False,5552,stf_0226,9,False,False
cnt_20241001_035,2024-10-01 16:04:00,sec_opin,feature,False,2554,stf_0250,13,False,False
cnt_20241001_036,2024-10-01 17:52:00,sec_shop,feature,True,2921,stf_0029,20,True,False
cnt_20241001_037,2024-10-01 10:28:00,sec_brand,feature,False,2375,stf_0303,22,True,False
cnt_20241001_038,2024-10-01 18:20:00,sec_shop,news,False,887,stf_0029,12,False,False
cnt_20241001_039,2024-10-01 10:56:00,sec_event,news,False,585,stf_0241,17,True,False
cnt_20241002_001,2024-10-02 14:49:00,sec_pod,podcast,False,5850,stf_0055,17,True,False
cnt_20241002_002,2024-10-02 11:27:00,sec_env,news,True,909,stf_0368,10,False,False
cnt_20241002_003,2024-10-02 16:45:00,sec_env,news,True,1039,stf_0290,20,False,False
cnt_20241002_004,2024-10-02 07:39:00,sec_ent,news,False,344,stf_0070,18,False,False
cnt_20241002_005,2024-10-02 15:12:00,sec_opin,news,False,1097,stf_0331,12,False,False
cnt_20241002_006,2024-10-02 12:18:00,sec_ent,feature,True,3200,stf_0415,14,False,False
cnt_20241002_007,2024-10-02 17:47:00,sec_edu,news,False,688,stf_0206,22,False,False
cnt_20241002_008,2024-10-02 17:23:00,sec_event,news,False,792,stf_0090,14,False,False
cnt_20241002_009,2024-10-02 12:11:00,sec_edu,feature,False,3450,stf_0191,11,False,False
cnt_20241002_010,2024-10-02 10:11:00,sec_ent,news,False,874,stf_0359,18,True,False
cnt_20241002_011,2024-10-02 09:22:00,sec_soc,news,False,904,stf_0441,18,False,False
cnt_20241002_012,2024-10-02 09:39:00,sec_short,news,False,511,stf_0323,17,False,False
cnt_20241002_013,2024-10-02 15:18:00,sec_ent,feature,False,2969,stf_0359,20,False,False
cnt_20241002_014,2024-10-02 18:31:00,sec_ent,news,False,866,stf_0118,13,False,False
cnt_20241002_015,2024-10-02 22:25:00,sec_vid,video,False,928,stf_0396,17,False,False
cnt_20241002_016,2024-10-02 18:17:00,sec_vid,video,False,1054,stf_0423,18,False,False
cnt_20241002_017,2024-10-02 18:20:00,sec_vid,video,False,1055,stf_0179,15,False,False
cnt_20241002_018,2024-10-02 11:47:00,sec_short,feature,True,3962,stf_0318,11,False,False
cnt_20241002_019,2024-10-02 15:17:00,sec_pod,podcast,False,4522,stf_0363,17,True,False
cnt_20241002_020,2024-10-02 08:22:00,sec_env,feature,True,4285,stf_0168,15,False,False
cnt_20241002_021,2024-10-02 18:40:00,sec_intl,news,False,558,stf_0014,12,False,False
cnt_20241002_022,2024-10-02 15:09:00,sec_pod,podcast,False,6996,stf_0055,14,False,False
cnt_20241002_023,2024-10-02 14:13:00,sec_sport,news,False,871,stf_0222,13,False,False
cnt_20241002_024,2024-10-02 17:17:00,sec_pod,news,False,1226,stf_0261,15,False,False
cnt_20241002_025,2024-10-02 19:17:00,sec_vid,video,False,922,stf_0165,14,True,False
cnt_20241002_026,2024-10-02 17:52:00,sec_soc,news,False,771,stf_0172,11,False,False
cnt_20241002_027,2024-10-02 17:25:00,sec_sport,news,False,832,stf_0233,18,True,False
cnt_20241002_028,2024-10-02 11:07:00,sec_pod,news,False,1231,stf_0227,16,False,False
cnt_20241002_029,2024-10-02 14:43:00,sec_env,feature,True,2875,stf_0210,16,False,False
cnt_20241002_030,2024-10-02 13:12:00,sec_brand,feature,False,2810,stf_0309,10,False,False
cnt_20241002_031,2024-10-02 16:14:00,sec_fin,news,True,776,stf_0137,21,True,False
cnt_20241002_032,2024-10-02 13:17:00,sec_intl,news,False,738,stf_0188,18,False,False
cnt_20241002_033,2024-10-02 16:51:00,sec_sport,news,False,810,stf_0300,15,True,False
cnt_20241002_034,2024-10-02 12:02:00,sec_deep,news,True,1010,stf_0156,18,True,False
cnt_20241002_035,2024-10-02 19:08:00,sec_event,news,False,614,stf_0436,22,False,False
cnt_20241002_036,2024-10-02 10:46:00,sec_opin,news,False,1112,stf_0282,9,False,False
cnt_20241002_037,2024-10-02 09:50:00,sec_deep,news,True,439,stf_0101,20,False,False
cnt_20241002_038,2024-10-02 10:59:00,sec_event,news,False,543,stf_0468,12,False,False
cnt_20241002_039,2024-10-02 19:25:00,sec_fin,news,True,754,stf_0033,17,False,False
cnt_20241002_040,2024-10-02 10:18:00,sec_deep,news,True,838,stf_0003,18,True,False
cnt_20241002_041,2024-10-02 11:54:00,sec_short,news,False,861,stf_0471,16,False,False
cnt_20241003_001,2024-10-03 09:30:00,sec_ent,news,False,1148,stf_0352,14,False,False
cnt_20241003_002,2024-10-03 15:38:00,sec_brand,news,False,809,stf_0365,17,False,False
cnt_20241003_003,2024-10-03 21:19:00,sec_vid,video,False,388,stf_0379,10,True,False
cnt_20241003_004,2024-10-03 19:57:00,sec_vid,video,False,1206,stf_0179,19,True,False
cnt_20241003_005,2024-10-03 18:23:00,sec_brand,feature,True,3914,stf_0157,13,False,False
cnt_20241003_006,2024-10-03 14:36:00,sec_opin,news,False,966,stf_0020,20,True,False
cnt_20241003_007,2024-10-03 11:17:00,sec_shop,news,False,696,stf_0108,17,True,False
cnt_20241003_008,2024-10-03 09:58:00,sec_short,news,False,436,stf_0364,15,False,False
cnt_20241003_009,2024-10-03 07:37:00,sec_pod,feature,True,3304,stf_0454,18,False,False
cnt_20241003_010,2024-10-03 18:34:00,sec_fin,feature,True,1900,stf_0194,13,False,False
cnt_20241003_011,2024-10-03 15:45:00,sec_env,news,True,824,stf_0384,13,False,False
cnt_20241003_012,2024-10-03 17:08:00,sec_pol,news,False,813,stf_0229,10,False,False
cnt_20241003_013,2024-10-03 11:36:00,sec_edu,news,False,502,stf_0255,15,True,False
cnt_20241003_014,2024-10-03 19:48:00,sec_ent,feature,True,3841,stf_0004,15,False,False
cnt_20241003_015,2024-10-03 09:02:00,sec_sport,news,False,994,stf_0300,19,False,False
cnt_20241003_016,2024-10-03 15:18:00,sec_env,feature,True,2459,stf_0264,20,True,False
cnt_20241003_017,2024-10-03 21:18:00,sec_vid,video,False,1080,stf_0423,18,True,False
cnt_20241003_018,2024-10-03 16:06:00,sec_opin,feature,False,1572,stf_0295,15,False,False
cnt_20241003_019,2024-10-03 14:27:00,sec_pod,podcast,False,5387,stf_0357,13,True,False
cnt_20241003_020,2024-10-03 11:23:00,sec_shop,news,False,695,stf_0347,15,False,False
cnt_20241003_021,2024-10-03 22:18:00,sec_vid,video,False,649,stf_0214,17,False,False
cnt_20241003_022,2024-10-03 08:23:00,sec_pod,podcast,False,5722,stf_0094,18,False,False
cnt_20241003_023,2024-10-03 12:33:00,sec_short,news,False,748,stf_0364,16,False,False
cnt_20241003_024,2024-10-03 12:14:00,sec_env,news,True,687,stf_0210,17,False,False
cnt_20241003_025,2024-10-03 21:13:00,sec_vid,video,False,1481,stf_0001,11,False,False
cnt_20241003_026,2024-10-03 18:53:00,sec_sport,news,False,973,stf_0398,13,False,False
cnt_20241003_027,2024-10-03 10:24:00,sec_vid,news,False,1027,stf_0068,14,False,False
cnt_20241003_028,2024-10-03 22:15:00,sec_vid,video,False,799,stf_0068,19,False,False
cnt_20241003_029,2024-10-03 07:54:00,sec_ent,feature,True,4276,stf_0204,24,True,False
cnt_20241003_030,2024-10-03 07:34:00,sec_env,news,True,719,stf_0384,15,False,False
cnt_20241003_031,2024-10-03 16:22:00,sec_pod,podcast,False,4227,stf_0273,11,False,False
cnt_20241003_032,2024-10-03 14:02:00,sec_pod,podcast,False,4277,stf_0444,17,False,False
cnt_20241003_033,2024-10-03 14:57:00,sec_soc,news,False,1065,stf_0451,17,True,False
cnt_20241003_034,2024-10-03 11:42:00,sec_deep,news,True,504,stf_0153,17,True,False
cnt_20241003_035,2024-10-03 15:59:00,sec_pol,news,False,912,stf_0404,10,False,False
cnt_20241003_036,2024-10-03 18:11:00,sec_vid,video,False,804,stf_0019,12,False,False
cnt_20241003_037,2024-10-03 15:27:00,sec_deep,news,True,421,stf_0003,13,False,False
cnt_20241003_038,2024-10-03 11:45:00,sec_env,news,True,672,stf_0140,14,False,False
cnt_20241003_039,2024-10-03 09:14:00,sec_vid,feature,True,4070,stf_0234,17,False,False
cnt_20241003_040,2024-10-03 09:49:00,sec_vid,news,False,936,stf_0001,12,True,False
cnt_20241003_041,2024-10-03 12:52:00,sec_event,news,False,956,stf_0090,19,False,False
cnt_20241003_042,2024-10-03 10:26:00,sec_deep,news,True,986,stf_0101,11,True,False
cnt_20241003_043,2024-10-03 18:01:00,sec_pol,feature,False,2896,stf_0065,20,False,False
cnt_20241003_044,2024-10-03 19:30:00,sec_pol,news,False,495,stf_0404,19,False,False
cnt_20241003_045,2024-10-03 08:52:00,sec_pod,news,False,897,stf_0062,17,False,False
cnt_20241003_046,2024-10-03 16:37:00,sec_shop,news,False,1051,stf_0458,10,False,False
cnt_20241003_047,2024-10-03 13:36:00,sec_env,news,True,851,stf_0054,15,True,False
cnt_20241003_048,2024-10-03 22:17:00,sec_vid,video,False,1486,stf_0123,13,False,False
cnt_20241004_001,2024-10-04 10:15:00,sec_life,news,False,563,stf_0047,14,True,False
cnt_20241004_002,2024-10-04 14:51:00,sec_pod,news,False,1048,stf_0426,13,False,False
cnt_20241004_003,2024-10-04 13:10:00,sec_event,news,False,1041,stf_0315,18,False,False
cnt_20241004_004,2024-10-04 21:21:00,sec_vid,video,False,1122,stf_0433,14,False,False
cnt_20241004_005,2024-10-04 13:47:00,sec_opin,news,False,921,stf_0282,16,False,False
cnt_20241004_006,2024-10-04 12:17:00,sec_pod,podcast,False,5806,stf_0357,8,False,False
cnt_20241004_007,2024-10-04 10:54:00,sec_pod,podcast,False,6504,stf_0235,15,False,False
cnt_20241004_008,2024-10-04 13:39:00,sec_intl,news,False,749,stf_0100,19,True,False
cnt_20241004_009,2024-10-04 13:31:00,sec_life,news,False,917,stf_0328,17,False,False
cnt_20241004_010,2024-10-04 17:45:00,sec_event,news,False,765,stf_0391,17,False,False
cnt_20241004_011,2024-10-04 19:29:00,sec_pol,news,False,971,stf_0026,15,True,False
cnt_20241004_012,2024-10-04 13:42:00,sec_edu,news,False,898,stf_0023,23,False,False
cnt_20241004_013,2024-10-04 07:19:00,sec_tech,feature,True,1961,stf_0145,21,False,False
cnt_20241004_014,2024-10-04 10:26:00,sec_intl,news,False,379,stf_0032,14,False,False
cnt_20241004_015,2024-10-04 18:13:00,sec_tech,news,True,807,stf_0399,20,False,False
cnt_20241004_016,2024-10-04 15:17:00,sec_ent,news,False,513,stf_0459,17,False,False
cnt_20241004_017,2024-10-04 09:50:00,sec_brand,news,False,842,stf_0329,16,False,False
cnt_20241004_018,2024-10-04 21:31:00,sec_vid,video,False,755,stf_0036,14,False,False
cnt_20241004_019,2024-10-04 18:04:00,sec_event,feature,False,4887,stf_0391,22,True,False
cnt_20241004_020,2024-10-04 16:39:00,sec_pol,feature,False,3396,stf_0470,15,False,False
cnt_20241004_021,2024-10-04 10:51:00,sec_pol,news,False,1181,stf_0393,19,False,False
cnt_20241004_022,2024-10-04 17:00:00,sec_ent,news,False,669,stf_0118,15,False,False
cnt_20241004_023,2024-10-04 08:01:00,sec_intl,news,False,708,stf_0032,13,False,False
cnt_20241004_024,2024-10-04 07:41:00,sec_pol,feature,False,3471,stf_0081,10,False,False
cnt_20241004_025,2024-10-04 19:32:00,sec_edu,news,False,743,stf_0084,14,False,False
cnt_20241004_026,2024-10-04 12:01:00,sec_intl,news,False,648,stf_0159,11,True,False
cnt_20241004_027,2024-10-04 07:23:00,sec_sport,news,False,994,stf_0233,8,False,False
cnt_20241004_028,2024-10-04 07:27:00,sec_pod,podcast,False,8494,stf_0466,15,False,False
cnt_20241004_029,2024-10-04 12:58:00,sec_fin,feature,True,4280,stf_0166,20,False,False
cnt_20241004_030,2024-10-04 10:24:00,sec_opin,news,False,797,stf_0465,8,False,False
cnt_20241004_031,2024-10-04 09:08:00,sec_pol,news,False,770,stf_0272,10,False,False
cnt_20241004_032,2024-10-04 15:05:00,sec_life,news,False,1100,stf_0202,15,True,False
cnt_20241004_033,2024-10-04 14:39:00,sec_opin,feature,False,2271,stf_0310,21,True,False
cnt_20241004_034,2024-10-04 16:41:00,sec_brand,feature,False,2812,stf_0258,8,False,False
cnt_20241004_035,2024-10-04 08:52:00,sec_pol,news,False,778,stf_0131,19,False,False
cnt_20241004_036,2024-10-04 11:24:00,sec_event,news,False,826,stf_0315,11,False,False
cnt_20241004_037,2024-10-04 14:46:00,sec_opin,news,False,568,stf_0282,11,True,False
cnt_20241004_038,2024-10-04 10:35:00,sec_ent,news,False,890,stf_0059,16,False,False
cnt_20241004_039,2024-10-04 18:52:00,sec_vid,video,False,827,stf_0408,12,True,False
cnt_20241004_040,2024-10-04 14:56:00,sec_life,news,False,664,stf_0185,19,True,False
cnt_20241004_041,2024-10-04 15:08:00,sec_shop,news,False,810,stf_0142,14,False,False
cnt_20241004_042,2024-10-04 19:54:00,sec_vid,video,False,692,stf_0224,16,True,False
cnt_20241004_043,2024-10-04 12:48:00,sec_vid,news,False,995,stf_0088,8,False,False
cnt_20241004_044,2024-10-04 14:30:00,sec_vid,news,False,947,stf_0433,15,False,False
cnt_20241004_045,2024-10-04 16:31:00,sec_pod,podcast,False,6190,stf_0129,14,True,False
cnt_20241004_046,2024-10-04 12:29:00,sec_env,news,True,570,stf_0209,14,False,False
cnt_20241004_047,2024-10-04 20:29:00,sec_vid,video,False,664,stf_0423,18,True,False
cnt_20241004_048,2024-10-04 08:36:00,sec_brand,feature,True,1777,stf_0375,11,False,False
cnt_20241004_049,2024-10-04 20:27:00,sec_vid,video,False,977,stf_0001,8,False,False
cnt_20241004_050,2024-10-04 17:02:00,sec_deep,news,True,523,stf_0437,22,True,False
cnt_20241004_051,2024-10-04 12:49:00,sec_shop,news,False,458,stf_0458,13,False,False
cnt_20241004_052,2024-10-04 08:54:00,sec_opin,news,False,609,stf_0310,17,False,False
cnt_20241004_053,2024-10-04 18:16:00,sec_vid,video,False,1046,stf_0106,12,True,False
cnt_20241004_054,2024-10-04 15:22:00,sec_pod,podcast,False,6516,stf_0401,18,True,False
cnt_20241004_055,2024-10-04 19:08:00,sec_vid,news,False,403,stf_0321,17,False,False
cnt_20241004_056,2024-10-04 16:29:00,sec_pod,news,False,663,stf_0238,18,False,False
cnt_20241004_057,2024-10-04 07:53:00,sec_edu,news,False,515,stf_0110,13,False,False
cnt_20241004_058,2024-10-04 11:40:00,sec_event,feature,True,5308,stf_0090,16,False,False
cnt_20241004_059,2024-10-04 19:13:00,sec_pod,podcast,False,5882,stf_0238,18,False,False
cnt_20241005_001,2024-10-05 10:53:00,sec_env,news,True,664,stf_0264,20,False,False
cnt_20241005_002,2024-10-05 12:45:00,sec_ent,news,False,932,stf_0058,17,False,False
cnt_20241005_003,2024-10-05 07:40:00,sec_sport,news,False,909,stf_0330,13,False,False
cnt_20241005_004,2024-10-05 16:59:00,sec_edu,news,False,439,stf_0191,12,False,False
cnt_20241005_005,2024-10-05 17:31:00,sec_pod,podcast,False,4434,stf_0426,10,False,False
cnt_20241005_006,2024-10-05 11:46:00,sec_pod,podcast,False,5481,stf_0273,8,False,False
cnt_20241005_007,2024-10-05 20:21:00,sec_vid,video,False,1113,stf_0165,13,False,False
cnt_20241005_008,2024-10-05 11:26:00,sec_event,news,False,932,stf_0385,14,False,False
cnt_20241005_009,2024-10-05 17:46:00,sec_short,news,False,507,stf_0402,17,False,False
cnt_20241005_010,2024-10-05 08:51:00,sec_pod,news,False,994,stf_0094,17,False,False
cnt_20241005_011,2024-10-05 13:48:00,sec_ent,news,False,390,stf_0204,16,False,False
cnt_20241005_012,2024-10-05 20:36:00,sec_vid,video,False,604,stf_0224,12,False,False
cnt_20241005_013,2024-10-05 15:27:00,sec_short,news,False,635,stf_0308,17,True,False
cnt_20241005_014,2024-10-05 18:47:00,sec_vid,video,False,671,stf_0478,14,False,False
cnt_20241005_015,2024-10-05 14:48:00,sec_edu,news,False,804,stf_0171,11,True,False
cnt_20241005_016,2024-10-05 19:13:00,sec_sport,news,False,578,stf_0225,17,False,False
cnt_20241005_017,2024-10-05 15:14:00,sec_shop,news,False,924,stf_0158,15,False,False
cnt_20241005_018,2024-10-05 14:33:00,sec_pod,podcast,False,5631,stf_0227,15,False,False
cnt_20241005_019,2024-10-05 18:03:00,sec_brand,news,False,756,stf_0299,8,False,False
cnt_20241005_020,2024-10-05 18:04:00,sec_env,news,True,1019,stf_0057,14,False,False
cnt_20241005_021,2024-10-05 08:24:00,sec_env,news,True,1159,stf_0395,12,False,False
cnt_20241005_022,2024-10-05 16:55:00,sec_opin,feature,True,4107,stf_0037,20,False,False
cnt_20241005_023,2024-10-05 09:35:00,sec_pod,news,False,952,stf_0466,13,False,False
cnt_20241005_024,2024-10-05 15:21:00,sec_ent,news,False,892,stf_0362,14,False,False
cnt_20241005_025,2024-10-05 18:47:00,sec_vid,video,False,1396,stf_0068,16,False,False
cnt_20241005_026,2024-10-05 07:11:00,sec_shop,feature,True,3101,stf_0158,16,False,False
cnt_20241005_027,2024-10-05 08:01:00,sec_soc,news,False,870,stf_0012,12,False,False
cnt_20241005_028,2024-10-05 14:11:00,sec_brand,news,False,413,stf_0429,22,True,False
cnt_20241005_029,2024-10-05 22:55:00,sec_vid,video,False,1444,stf_0214,12,True,False
cnt_20241005_030,2024-10-05 16:54:00,sec_opin,news,False,600,stf_0184,16,False,False
cnt_20241006_001,2024-10-06 17:44:00,sec_tech,news,True,519,stf_0218,16,True,False
cnt_20241006_002,2024-10-06 09:00:00,sec_pod,podcast,False,5851,stf_0466,17,False,False
cnt_20241006_003,2024-10-06 07:24:00,sec_pol,news,False,304,stf_0131,16,False,False
cnt_20241006_004,2024-10-06 19:37:00,sec_shop,news,False,475,stf_0277,16,False,False
cnt_20241006_005,2024-10-06 22:51:00,sec_vid,video,False,825,stf_0165,19,True,False
cnt_20241006_006,2024-10-06 18:53:00,sec_pod,podcast,False,7827,stf_0062,17,False,False
cnt_20241006_007,2024-10-06 19:20:00,sec_vid,video,False,1366,stf_0214,11,False,False
cnt_20241006_008,2024-10-06 15:39:00,sec_soc,news,False,1184,stf_0061,18,True,False
cnt_20241006_009,2024-10-06 09:44:00,sec_pol,feature,True,2997,stf_0079,23,True,False
cnt_20241006_010,2024-10-06 10:09:00,sec_short,news,False,722,stf_0372,12,False,False
cnt_20241006_011,2024-10-06 12:50:00,sec_life,news,False,655,stf_0212,21,True,False
cnt_20241006_012,2024-10-06 11:00:00,sec_pod,podcast,False,7806,stf_0076,19,False,False
cnt_20241006_013,2024-10-06 07:56:00,sec_ent,news,False,1118,stf_0359,15,True,False
cnt_20241006_014,2024-10-06 18:45:00,sec_vid,video,False,559,stf_0019,11,False,False
cnt_20241006_015,2024-10-06 14:36:00,sec_pod,podcast,False,3089,stf_0238,16,False,False
cnt_20241006_016,2024-10-06 10:21:00,sec_brand,news,False,1162,stf_0009,12,False,False
cnt_20241006_017,2024-10-06 07:13:00,sec_soc,news,False,746,stf_0044,8,False,False
cnt_20241006_018,2024-10-06 08:38:00,sec_pod,podcast,False,5002,stf_0235,17,False,False
cnt_20241006_019,2024-10-06 12:12:00,sec_pol,news,False,771,stf_0079,13,False,False
cnt_20241006_020,2024-10-06 12:30:00,sec_brand,news,False,647,stf_0329,22,True,False
cnt_20241006_021,2024-10-06 16:08:00,sec_event,news,False,519,stf_0315,19,True,False
cnt_20241006_022,2024-10-06 20:21:00,sec_vid,video,False,891,stf_0311,13,False,False
cnt_20241006_023,2024-10-06 19:05:00,sec_vid,video,False,1160,stf_0243,12,True,False
cnt_20241006_024,2024-10-06 08:15:00,sec_pod,news,False,650,stf_0357,15,False,False
cnt_20241006_025,2024-10-06 07:06:00,sec_pod,podcast,False,8949,stf_0129,12,False,False
cnt_20241006_026,2024-10-06 22:28:00,sec_vid,video,False,1023,stf_0068,16,False,False
cnt_20241006_027,2024-10-06 18:56:00,sec_event,news,False,723,stf_0241,26,False,False
cnt_20241006_028,2024-10-06 10:58:00,sec_pod,feature,False,4070,stf_0076,17,False,False
cnt_20241006_029,2024-10-06 19:35:00,sec_life,news,False,530,stf_0387,17,False,False
cnt_20241006_030,2024-10-06 19:20:00,sec_vid,video,False,876,stf_0022,20,False,False
cnt_20241006_031,2024-10-06 07:50:00,sec_deep,news,True,825,stf_0192,11,False,False
cnt_20241006_032,2024-10-06 12:45:00,sec_brand,feature,True,2991,stf_0127,30,False,False
cnt_20241006_033,2024-10-06 11:49:00,sec_edu,news,False,787,stf_0031,10,True,False
cnt_20241006_034,2024-10-06 15:51:00,sec_sport,feature,False,3241,stf_0414,18,False,False
cnt_20241007_001,2024-10-07 17:32:00,sec_short,news,False,844,stf_0276,16,False,False
cnt_20241007_002,2024-10-07 17:31:00,sec_short,news,False,853,stf_0190,12,False,False
cnt_20241007_003,2024-10-07 15:27:00,sec_ent,feature,False,3302,stf_0415,24,True,False
cnt_20241007_004,2024-10-07 07:51:00,sec_pod,podcast,False,2868,stf_0273,25,False,False
cnt_20241007_005,2024-10-07 20:58:00,sec_vid,video,False,1228,stf_0060,24,True,False
cnt_20241007_006,2024-10-07 18:00:00,sec_edu,feature,True,3058,stf_0206,9,False,False
cnt_20241007_007,2024-10-07 12:57:00,sec_soc,news,False,893,stf_0021,15,False,False
cnt_20241007_008,2024-10-07 19:55:00,sec_vid,video,False,488,stf_0088,9,False,False
cnt_20241007_009,2024-10-07 16:16:00,sec_soc,news,False,631,stf_0367,18,False,False
cnt_20241007_010,2024-10-07 15:22:00,sec_pod,podcast,False,3572,stf_0261,21,True,False
cnt_20241007_011,2024-10-07 11:39:00,sec_env,news,True,572,stf_0096,10,False,False
cnt_20241007_012,2024-10-07 18:50:00,sec_deep,news,True,1441,stf_0304,12,False,False
cnt_20241007_013,2024-10-07 07:51:00,sec_brand,news,False,1024,stf_0252,14,True,False
cnt_20241007_014,2024-10-07 19:50:00,sec_env,news,True,690,stf_0054,13,False,False
cnt_20241007_015,2024-10-07 08:21:00,sec_opin,news,False,841,stf_0124,19,True,False
cnt_20241007_016,2024-10-07 09:26:00,sec_edu,feature,True,4027,stf_0018,13,False,False
cnt_20241007_017,2024-10-07 13:34:00,sec_event,news,False,751,stf_0259,19,False,False
cnt_20241007_018,2024-10-07 12:44:00,sec_pod,podcast,False,5292,stf_0326,12,False,False
cnt_20241007_019,2024-10-07 09:36:00,sec_pod,podcast,False,4886,stf_0363,12,False,False
cnt_20241007_020,2024-10-07 14:52:00,sec_soc,news,False,499,stf_0012,12,False,False
cnt_20241007_021,2024-10-07 11:56:00,sec_pod,podcast,False,5451,stf_0226,16,True,False
cnt_20241007_022,2024-10-07 15:45:00,sec_opin,news,False,623,stf_0418,15,True,False
cnt_20241007_023,2024-10-07 08:32:00,sec_env,news,True,568,stf_0411,18,True,False
cnt_20241007_024,2024-10-07 20:22:00,sec_vid,video,False,722,stf_0186,16,False,False
cnt_20241007_025,2024-10-07 09:09:00,sec_ent,news,False,827,stf_0359,10,False,False
cnt_20241007_026,2024-10-07 10:08:00,sec_brand,news,False,702,stf_0309,12,False,False
cnt_20241007_027,2024-10-07 12:15:00,sec_short,news,False,842,stf_0190,20,False,False
cnt_20241007_028,2024-10-07 16:32:00,sec_fin,news,True,833,stf_0166,20,False,False
cnt_20241007_029,2024-10-07 15:51:00,sec_env,news,True,454,stf_0411,19,False,False
cnt_20241007_030,2024-10-07 07:27:00,sec_life,news,False,402,stf_0185,15,True,False
cnt_20241007_031,2024-10-07 09:20:00,sec_pod,podcast,False,7444,stf_0062,17,False,False
cnt_20241007_032,2024-10-07 16:18:00,sec_env,news,True,508,stf_0057,15,False,False
cnt_20241007_033,2024-10-07 12:14:00,sec_event,news,False,1022,stf_0315,17,False,False
cnt_20241007_034,2024-10-07 19:56:00,sec_pod,podcast,False,5039,stf_0062,13,False,False
cnt_20241007_035,2024-10-07 19:25:00,sec_opin,news,False,739,stf_0020,14,True,False
cnt_20241007_036,2024-10-07 10:28:00,sec_short,news,False,614,stf_0323,19,False,False
cnt_20241007_037,2024-10-07 13:23:00,sec_edu,news,False,883,stf_0018,19,False,False
cnt_20241007_038,2024-10-07 19:41:00,sec_pol,news,False,449,stf_0128,13,False,False
cnt_20241007_039,2024-10-07 21:35:00,sec_vid,video,False,879,stf_0179,8,False,False
cnt_20241007_040,2024-10-07 07:56:00,sec_deep,news,True,686,stf_0183,16,False,False
cnt_20241007_041,2024-10-07 07:04:00,sec_env,feature,True,2850,stf_0039,13,False,False
cnt_20241007_042,2024-10-07 21:24:00,sec_vid,video,False,1046,stf_0019,17,True,False
cnt_20241007_043,2024-10-07 12:29:00,sec_pod,podcast,False,4914,stf_0226,12,False,False
cnt_20241007_044,2024-10-07 16:21:00,sec_pod,feature,True,3988,stf_0216,14,True,False
cnt_20241008_001,2024-10-08 13:20:00,sec_short,news,False,848,stf_0469,19,False,False
cnt_20241008_002,2024-10-08 12:40:00,sec_vid,news,False,805,stf_0224,12,False,False
cnt_20241008_003,2024-10-08 15:29:00,sec_deep,news,True,766,stf_0443,15,True,False
cnt_20241008_004,2024-10-08 13:22:00,sec_event,news,False,745,stf_0320,15,False,False
cnt_20241008_005,2024-10-08 22:32:00,sec_vid,video,False,459,stf_0423,20,False,False
cnt_20241008_006,2024-10-08 08:19:00,sec_pod,podcast,False,6050,stf_0105,13,False,False
cnt_20241008_007,2024-10-08 15:12:00,sec_short,feature,True,2434,stf_0027,20,True,False
cnt_20241008_008,2024-10-08 16:33:00,sec_short,news,False,745,stf_0376,16,False,False
cnt_20241008_009,2024-10-08 07:53:00,sec_intl,feature,True,3090,stf_0287,18,False,False
cnt_20241008_010,2024-10-08 11:49:00,sec_pol,news,False,935,stf_0080,15,False,False
cnt_20241008_011,2024-10-08 09:38:00,sec_pod,podcast,False,5738,stf_0226,25,True,False
cnt_20241008_012,2024-10-08 21:16:00,sec_vid,video,False,566,stf_0478,15,False,False
cnt_20241008_013,2024-10-08 12:07:00,sec_soc,news,False,1046,stf_0099,19,True,False
cnt_20241008_014,2024-10-08 19:43:00,sec_opin,news,False,807,stf_0250,12,False,False
cnt_20241008_015,2024-10-08 12:51:00,sec_opin,news,False,735,stf_0394,14,False,False
cnt_20241008_016,2024-10-08 17:35:00,sec_life,feature,False,3045,stf_0336,8,False,False
cnt_20241008_017,2024-10-08 10:48:00,sec_sport,news,False,810,stf_0030,16,False,False
cnt_20241008_018,2024-10-08 19:21:00,sec_pod,podcast,False,4516,stf_0216,18,False,False
cnt_20241008_019,2024-10-08 14:07:00,sec_intl,news,False,646,stf_0231,19,False,False
cnt_20241008_020,2024-10-08 22:07:00,sec_vid,video,False,581,stf_0088,13,False,False
cnt_20241008_021,2024-10-08 20:34:00,sec_vid,video,False,426,stf_0478,15,True,False
cnt_20241008_022,2024-10-08 13:42:00,sec_pod,podcast,False,6640,stf_0273,11,False,False
cnt_20241008_023,2024-10-08 18:31:00,sec_intl,news,False,891,stf_0010,21,True,False
cnt_20241008_024,2024-10-08 13:01:00,sec_event,feature,False,2863,stf_0259,15,False,False
cnt_20241008_025,2024-10-08 11:05:00,sec_deep,feature,True,3601,stf_0130,15,False,False
cnt_20241008_026,2024-10-08 09:56:00,sec_brand,news,False,515,stf_0258,17,False,False
cnt_20241008_027,2024-10-08 08:41:00,sec_pod,podcast,False,3803,stf_0426,15,True,False
cnt_20241008_028,2024-10-08 10:27:00,sec_brand,news,False,784,stf_0260,13,False,False
cnt_20241008_029,2024-10-08 11:27:00,sec_pol,news,False,689,stf_0131,18,False,False
cnt_20241008_030,2024-10-08 15:40:00,sec_opin,news,False,819,stf_0465,15,False,False
cnt_20241008_031,2024-10-08 08:28:00,sec_ent,news,False,1025,stf_0118,15,False,False
cnt_20241008_032,2024-10-08 17:18:00,sec_vid,news,False,883,stf_0427,18,False,False
cnt_20241008_033,2024-10-08 16:37:00,sec_pol,news,False,945,stf_0256,15,True,False
cnt_20241008_034,2024-10-08 07:51:00,sec_pod,feature,False,3532,stf_0344,13,False,False
cnt_20241008_035,2024-10-08 09:40:00,sec_intl,news,False,566,stf_0117,20,False,False
cnt_20241008_036,2024-10-08 08:23:00,sec_intl,feature,True,3705,stf_0314,17,False,False
cnt_20241008_037,2024-10-08 19:35:00,sec_pol,news,False,1092,stf_0467,21,False,False
cnt_20241008_038,2024-10-08 12:58:00,sec_ent,news,False,822,stf_0070,10,False,False
cnt_20241008_039,2024-10-08 16:41:00,sec_ent,news,False,959,stf_0236,15,True,False
cnt_20241008_040,2024-10-08 18:44:00,sec_vid,video,False,916,stf_0019,10,False,False
cnt_20241008_041,2024-10-08 17:52:00,sec_pod,podcast,False,7702,stf_0105,16,False,False
cnt_20241008_042,2024-10-08 07:20:00,sec_fin,news,True,807,stf_0150,15,False,False
cnt_20241008_043,2024-10-08 13:58:00,sec_pod,podcast,False,3688,stf_0273,14,True,False
cnt_20241008_044,2024-10-08 18:20:00,sec_sport,news,False,608,stf_0225,8,False,False
cnt_20241008_045,2024-10-08 07:01:00,sec_intl,news,False,694,stf_0449,23,False,False
cnt_20241008_046,2024-10-08 19:22:00,sec_pod,podcast,False,4828,stf_0238,14,False,False
cnt_20241008_047,2024-10-08 15:28:00,sec_pod,news,False,829,stf_0426,13,False,False
cnt_20241008_048,2024-10-08 18:01:00,sec_sport,news,False,1208,stf_0030,11,False,False
cnt_20241008_049,2024-10-08 17:02:00,sec_shop,news,False,743,stf_0158,13,True,False
cnt_20241008_050,2024-10-08 09:06:00,sec_pod,podcast,False,5509,stf_0105,8,False,False
cnt_20241009_001,2024-10-09 15:29:00,sec_tech,news,True,621,stf_0218,12,False,False
cnt_20241009_002,2024-10-09 09:35:00,sec_brand,news,False,611,stf_0016,15,False,False
cnt_20241009_003,2024-10-09 18:10:00,sec_intl,feature,False,3209,stf_0477,16,False,False
cnt_20241009_004,2024-10-09 17:30:00,sec_life,news,False,939,stf_0185,16,False,False
cnt_20241009_005,2024-10-09 12:01:00,sec_pod,news,False,457,stf_0261,12,False,False
cnt_20241009_006,2024-10-09 13:52:00,sec_vid,news,False,650,stf_0234,9,False,False
cnt_20241009_007,2024-10-09 10:46:00,sec_opin,news,False,505,stf_0037,9,False,False
cnt_20241009_008,2024-10-09 07:47:00,sec_short,news,False,689,stf_0190,18,True,False
cnt_20241009_009,2024-10-09 14:46:00,sec_life,feature,False,3585,stf_0246,19,False,False
cnt_20241009_010,2024-10-09 10:28:00,sec_life,news,False,756,stf_0051,8,False,False
cnt_20241009_011,2024-10-09 10:21:00,sec_vid,news,False,754,stf_0165,19,False,False
cnt_20241009_012,2024-10-09 19:48:00,sec_vid,video,False,446,stf_0243,8,False,False
cnt_20241009_013,2024-10-09 07:50:00,sec_sport,news,False,848,stf_0048,13,False,False
cnt_20241009_014,2024-10-09 08:34:00,sec_fin,news,True,966,stf_0406,18,True,False
cnt_20241009_015,2024-10-09 08:06:00,sec_shop,feature,False,2934,stf_0121,12,False,False
cnt_20241009_016,2024-10-09 08:00:00,sec_env,news,True,379,stf_0440,17,False,False
cnt_20241009_017,2024-10-09 18:48:00,sec_vid,video,False,402,stf_0088,11,True,False
cnt_20241009_018,2024-10-09 10:10:00,sec_deep,news,True,360,stf_0130,23,False,False
cnt_20241009_019,2024-10-09 17:25:00,sec_pod,podcast,False,5009,stf_0055,15,False,False
cnt_20241009_020,2024-10-09 11:10:00,sec_env,feature,True,3846,stf_0168,15,False,False
cnt_20241009_021,2024-10-09 16:13:00,sec_event,news,False,1164,stf_0416,19,False,False
cnt_20241009_022,2024-10-09 21:48:00,sec_vid,video,False,1456,stf_0214,23,True,False
cnt_20241009_023,2024-10-09 07:49:00,sec_tech,news,True,787,stf_0388,20,True,False
cnt_20241009_024,2024-10-09 09:47:00,sec_pod,news,False,887,stf_0261,12,False,False
cnt_20241009_025,2024-10-09 18:16:00,sec_ent,news,False,730,stf_0058,12,False,False
cnt_20241009_026,2024-10-09 11:59:00,sec_env,news,True,707,stf_0366,13,False,False
cnt_20241009_027,2024-10-09 15:39:00,sec_intl,feature,True,2230,stf_0032,13,True,False
cnt_20241009_028,2024-10-09 08:18:00,sec_pod,podcast,False,3409,stf_0227,16,False,False
cnt_20241009_029,2024-10-09 09:16:00,sec_pod,feature,False,2325,stf_0235,17,True,False
cnt_20241009_030,2024-10-09 18:56:00,sec_opin,news,False,1090,stf_0184,18,False,False
cnt_20241009_031,2024-10-09 18:19:00,sec_soc,news,False,1092,stf_0371,16,True,False
cnt_20241009_032,2024-10-09 10:09:00,sec_intl,news,False,256,stf_0314,19,True,False
cnt_20241009_033,2024-10-09 10:52:00,sec_tech,news,True,581,stf_0269,18,False,False
cnt_20241009_034,2024-10-09 11:54:00,sec_pod,news,False,650,stf_0454,11,False,False
cnt_20241009_035,2024-10-09 20:45:00,sec_vid,video,False,1143,stf_0234,17,False,False
cnt_20241009_036,2024-10-09 09:56:00,sec_pol,news,False,822,stf_0256,14,True,False
cnt_20241009_037,2024-10-09 18:04:00,sec_intl,feature,False,1626,stf_0340,17,False,False
cnt_20241009_038,2024-10-09 22:57:00,sec_vid,video,False,990,stf_0068,16,False,False
cnt_20241009_039,2024-10-09 19:39:00,sec_brand,news,False,809,stf_0252,21,True,False
cnt_20241009_040,2024-10-09 21:45:00,sec_vid,video,False,811,stf_0001,14,False,False
cnt_20241009_041,2024-10-09 11:59:00,sec_intl,news,False,770,stf_0010,19,False,False
cnt_20241009_042,2024-10-09 18:51:00,sec_sport,news,False,791,stf_0219,17,True,False
cnt_20241009_043,2024-10-09 18:42:00,sec_vid,video,False,831,stf_0106,16,False,False
cnt_20241009_044,2024-10-09 10:34:00,sec_sport,news,False,267,stf_0141,22,False,False
cnt_20241009_045,2024-10-09 12:46:00,sec_env,news,True,563,stf_0140,13,False,False
cnt_20241009_046,2024-10-09 13:34:00,sec_event,feature,False,1977,stf_0254,20,False,False
cnt_20241009_047,2024-10-09 21:44:00,sec_vid,video,False,1197,stf_0036,22,False,False
cnt_20241010_001,2024-10-10 14:39:00,sec_intl,news,False,815,stf_0100,18,True,False
cnt_20241010_002,2024-10-10 22:52:00,sec_vid,video,False,1289,stf_0068,17,False,False
cnt_20241010_003,2024-10-10 13:18:00,sec_opin,news,False,1149,stf_0335,11,False,False
cnt_20241010_004,2024-10-10 22:59:00,sec_vid,video,False,991,stf_0186,18,True,False
cnt_20241010_005,2024-10-10 08:21:00,sec_pod,podcast,False,3234,stf_0235,22,False,False
cnt_20241010_006,2024-10-10 12:47:00,sec_pod,podcast,False,5102,stf_0105,15,True,False
cnt_20241010_007,2024-10-10 10:25:00,sec_deep,news,True,688,stf_0164,10,True,False
cnt_20241010_008,2024-10-10 19:21:00,sec_vid,video,False,464,stf_0123,13,True,False
cnt_20241010_009,2024-10-10 07:31:00,sec_pod,podcast,False,5018,stf_0444,19,True,False
cnt_20241010_010,2024-10-10 07:57:00,sec_pod,podcast,False,7225,stf_0444,18,True,False
cnt_20241010_011,2024-10-10 14:09:00,sec_pol,news,False,385,stf_0026,13,False,False
cnt_20241010_012,2024-10-10 22:38:00,sec_vid,video,False,823,stf_0214,17,False,False
cnt_20241010_013,2024-10-10 10:07:00,sec_short,news,False,1081,stf_0469,10,True,False
cnt_20241010_014,2024-10-10 13:56:00,sec_life,feature,True,3430,stf_0102,14,True,False
cnt_20241010_015,2024-10-10 17:59:00,sec_opin,news,False,563,stf_0378,11,False,False
cnt_20241010_016,2024-10-10 12:34:00,sec_env,news,True,792,stf_0409,26,True,False
cnt_20241010_017,2024-10-10 07:20:00,sec_pod,podcast,False,6137,stf_0357,10,False,False
cnt_20241010_018,2024-10-10 14:14:00,sec_brand,feature,True,3931,stf_0252,21,False,False
cnt_20241010_019,2024-10-10 12:56:00,sec_shop,news,False,930,stf_0217,14,False,False
cnt_20241010_020,2024-10-10 13:43:00,sec_event,news,False,363,stf_0082,14,False,False
cnt_20241010_021,2024-10-10 14:00:00,sec_soc,news,False,734,stf_0257,13,False,False
cnt_20241010_022,2024-10-10 08:58:00,sec_short,news,False,724,stf_0152,14,False,False
cnt_20241010_023,2024-10-10 08:33:00,sec_fin,news,True,857,stf_0199,12,False,False
cnt_20241010_024,2024-10-10 17:50:00,sec_fin,news,True,611,stf_0013,17,False,True
cnt_20241010_025,2024-10-10 08:42:00,sec_tech,news,True,883,stf_0285,13,False,False
cnt_20241010_026,2024-10-10 12:28:00,sec_edu,feature,True,3309,stf_0327,16,False,False
cnt_20241010_027,2024-10-10 20:03:00,sec_vid,video,False,585,stf_0234,12,True,False
cnt_20241010_028,2024-10-10 15:36:00,sec_ent,feature,False,3321,stf_0362,18,False,False
cnt_20241010_029,2024-10-10 15:28:00,sec_shop,news,False,675,stf_0277,31,False,False
cnt_20241010_030,2024-10-10 07:20:00,sec_pod,podcast,False,3050,stf_0363,13,False,False
cnt_20241010_031,2024-10-10 10:28:00,sec_short,news,False,422,stf_0424,12,False,False
cnt_20241010_032,2024-10-10 11:31:00,sec_brand,news,False,774,stf_0299,17,False,False
cnt_20241010_033,2024-10-10 10:27:00,sec_pod,podcast,False,5336,stf_0326,13,True,False
cnt_20241010_034,2024-10-10 15:39:00,sec_sport,news,False,1417,stf_0048,8,False,False
cnt_20241010_035,2024-10-10 19:08:00,sec_short,news,False,762,stf_0372,9,False,False
cnt_20241010_036,2024-10-10 17:31:00,sec_short,news,False,823,stf_0077,16,False,False
cnt_20241010_037,2024-10-10 10:46:00,sec_pod,podcast,False,4523,stf_0238,14,False,False
cnt_20241010_038,2024-10-10 10:16:00,sec_edu,news,False,637,stf_0350,16,False,False
cnt_20241010_039,2024-10-10 12:55:00,sec_vid,news,False,254,stf_0019,8,False,False
cnt_20241010_040,2024-10-10 11:39:00,sec_sport,news,False,1043,stf_0030,15,False,False
cnt_20241010_041,2024-10-10 11:11:00,sec_pod,podcast,False,5274,stf_0094,14,False,False
cnt_20241010_042,2024-10-10 09:59:00,sec_ent,news,False,1070,stf_0097,8,False,False
cnt_20241010_043,2024-10-10 14:42:00,sec_ent,news,False,1083,stf_0204,19,False,False
cnt_20241010_044,2024-10-10 18:52:00,sec_vid,video,False,1050,stf_0165,23,True,False
cnt_20241010_045,2024-10-10 07:51:00,sec_vid,feature,False,3984,stf_0001,21,False,False
cnt_20241010_046,2024-10-10 12:41:00,sec_pod,podcast,False,6581,stf_0344,16,False,False
cnt_20241010_047,2024-10-10 09:39:00,sec_pol,news,False,894,stf_0201,13,True,False
cnt_20241010_048,2024-10-10 14:33:00,sec_env,news,True,633,stf_0209,13,True,False
cnt_20241010_049,2024-10-10 07:27:00,sec_brand,news,False,480,stf_0303,9,False,False
cnt_20241010_050,2024-10-10 18:32:00,sec_pod,news,False,613,stf_0055,8,False,False
cnt_20241010_051,2024-10-10 10:25:00,sec_shop,news,False,1014,stf_0108,15,False,False
cnt_20241010_052,2024-10-10 13:32:00,sec_shop,feature,True,3334,stf_0462,11,False,False
cnt_20241010_053,2024-10-10 12:43:00,sec_pod,podcast,False,6477,stf_0363,16,False,False
cnt_20241011_001,2024-10-11 17:31:00,sec_intl,feature,False,3664,stf_0403,19,True,False
cnt_20241011_002,2024-10-11 10:50:00,sec_pod,podcast,False,6372,stf_0094,15,False,False
cnt_20241011_003,2024-10-11 16:36:00,sec_pod,podcast,False,6941,stf_0426,13,False,False
cnt_20241011_004,2024-10-11 18:53:00,sec_vid,news,False,1038,stf_0396,11,False,False
cnt_20241011_005,2024-10-11 18:13:00,sec_vid,video,False,839,stf_0396,20,True,False
cnt_20241011_006,2024-10-11 15:09:00,sec_life,news,False,851,stf_0387,15,False,False
cnt_20241011_007,2024-10-11 21:01:00,sec_vid,video,False,802,stf_0019,17,False,False
cnt_20241011_008,2024-10-11 11:50:00,sec_opin,news,False,795,stf_0155,19,False,False
cnt_20241011_009,2024-10-11 09:39:00,sec_opin,news,False,545,stf_0193,15,False,False
cnt_20241011_010,2024-10-11 15:28:00,sec_event,news,False,413,stf_0242,16,True,False
cnt_20241011_011,2024-10-11 14:12:00,sec_pod,podcast,False,4914,stf_0076,15,False,False
cnt_20241011_012,2024-10-11 19:38:00,sec_vid,news,False,699,stf_0311,19,False,False
cnt_20241011_013,2024-10-11 18:06:00,sec_pod,news,False,589,stf_0235,14,True,False
cnt_20241011_014,2024-10-11 09:47:00,sec_opin,feature,True,2555,stf_0056,19,False,False
cnt_20241011_015,2024-10-11 08:16:00,sec_pod,feature,False,2635,stf_0227,17,False,False
cnt_20241011_016,2024-10-11 19:51:00,sec_life,news,False,770,stf_0280,8,False,False
cnt_20241011_017,2024-10-11 20:38:00,sec_vid,video,False,1444,stf_0068,15,False,False
cnt_20241011_018,2024-10-11 10:31:00,sec_pod,news,False,573,stf_0216,12,False,False
cnt_20241011_019,2024-10-11 19:48:00,sec_vid,video,False,1019,stf_0423,11,False,False
cnt_20241011_020,2024-10-11 08:40:00,sec_pod,podcast,False,7026,stf_0426,12,False,False
cnt_20241011_021,2024-10-11 18:26:00,sec_pod,podcast,False,4522,stf_0226,12,False,False
cnt_20241011_022,2024-10-11 19:28:00,sec_vid,video,False,648,stf_0186,17,False,True
cnt_20241011_023,2024-10-11 13:22:00,sec_env,news,True,318,stf_0264,15,False,False
cnt_20241011_024,2024-10-11 15:37:00,sec_life,news,False,713,stf_0246,15,True,False
cnt_20241011_025,2024-10-11 09:49:00,sec_deep,news,True,546,stf_0343,19,False,False
cnt_20241011_026,2024-10-11 18:41:00,sec_vid,video,False,744,stf_0224,8,False,False
cnt_20241011_027,2024-10-11 07:52:00,sec_fin,news,True,1057,stf_0334,10,False,False
cnt_20241011_028,2024-10-11 16:34:00,sec_sport,news,False,1420,stf_0480,19,True,False
cnt_20241011_029,2024-10-11 09:09:00,sec_tech,news,True,322,stf_0213,12,False,False
cnt_20241011_030,2024-10-11 20:07:00,sec_vid,video,False,1186,stf_0123,25,True,False
cnt_20241011_031,2024-10-11 07:50:00,sec_deep,news,True,551,stf_0192,20,False,False
cnt_20241011_032,2024-10-11 09:10:00,sec_tech,news,True,929,stf_0354,13,True,False
cnt_20241011_033,2024-10-11 07:46:00,sec_intl,news,False,813,stf_0014,18,True,False
cnt_20241011_034,2024-10-11 09:49:00,sec_shop,feature,True,4363,stf_0108,14,False,False
cnt_20241011_035,2024-10-11 19:09:00,sec_deep,news,True,386,stf_0130,15,False,False
cnt_20241011_036,2024-10-11 18:20:00,sec_vid,video,False,1000,stf_0186,13,False,False
cnt_20241011_037,2024-10-11 15:33:00,sec_pod,news,False,558,stf_0466,16,False,False
cnt_20241011_038,2024-10-11 17:43:00,sec_env,news,True,715,stf_0264,18,False,True
cnt_20241011_039,2024-10-11 17:48:00,sec_pod,podcast,False,2603,stf_0466,15,False,False
cnt_20241011_040,2024-10-11 16:11:00,sec_edu,news,False,918,stf_0306,10,False,False
cnt_20241011_041,2024-10-11 18:42:00,sec_vid,video,False,651,stf_0433,13,False,False
cnt_20241011_042,2024-10-11 08:50:00,sec_vid,news,False,811,stf_0001,15,False,False
cnt_20241011_043,2024-10-11 16:30:00,sec_deep,news,True,343,stf_0312,12,False,False
cnt_20241011_044,2024-10-11 12:08:00,sec_pod,podcast,False,4382,stf_0227,16,True,False
cnt_20241011_045,2024-10-11 16:27:00,sec_edu,news,False,711,stf_0306,11,True,False
cnt_20241011_046,2024-10-11 13:45:00,sec_sport,news,False,580,stf_0330,9,False,False
cnt_20241011_047,2024-10-11 17:29:00,sec_pod,podcast,False,3692,stf_0444,10,True,False
cnt_20241011_048,2024-10-11 09:54:00,sec_event,news,False,676,stf_0456,11,False,False
cnt_20241011_049,2024-10-11 16:31:00,sec_deep,feature,True,2368,stf_0437,10,False,False
cnt_20241011_050,2024-10-11 11:22:00,sec_soc,news,False,641,stf_0099,22,False,False
cnt_20241011_051,2024-10-11 15:16:00,sec_env,news,True,254,stf_0151,13,False,False
cnt_20241011_052,2024-10-11 09:46:00,sec_opin,feature,False,3992,stf_0052,12,False,False
cnt_20241011_053,2024-10-11 17:07:00,sec_shop,news,False,1016,stf_0176,15,False,False
cnt_20241012_001,2024-10-12 20:22:00,sec_vid,video,False,300,stf_0165,15,False,False
cnt_20241012_002,2024-10-12 10:12:00,sec_short,news,False,865,stf_0077,13,False,False
cnt_20241012_003,2024-10-12 08:03:00,sec_short,news,False,931,stf_0077,15,False,False
cnt_20241012_004,2024-10-12 15:23:00,sec_tech,news,True,891,stf_0213,15,True,False
cnt_20241012_005,2024-10-12 10:56:00,sec_ent,news,False,370,stf_0067,14,False,False
cnt_20241012_006,2024-10-12 09:33:00,sec_intl,news,False,786,stf_0223,10,True,False
cnt_20241012_007,2024-10-12 17:08:00,sec_soc,feature,False,2892,stf_0441,13,False,False
cnt_20241012_008,2024-10-12 10:58:00,sec_opin,news,False,801,stf_0432,16,False,False
cnt_20241012_009,2024-10-12 13:15:00,sec_edu,feature,True,2611,stf_0255,17,True,False
cnt_20241012_010,2024-10-12 11:21:00,sec_ent,feature,False,3225,stf_0236,12,False,False
cnt_20241012_011,2024-10-12 09:11:00,sec_event,news,False,571,stf_0242,21,False,False
cnt_20241012_012,2024-10-12 08:04:00,sec_pod,podcast,False,5798,stf_0094,21,True,False
cnt_20241012_013,2024-10-12 13:34:00,sec_brand,news,False,747,stf_0016,19,True,False
cnt_20241012_014,2024-10-12 08:40:00,sec_env,news,True,646,stf_0180,18,False,False
cnt_20241012_015,2024-10-12 15:05:00,sec_fin,news,True,806,stf_0095,14,False,False
cnt_20241012_016,2024-10-12 08:25:00,sec_pod,podcast,False,4356,stf_0105,8,False,False
cnt_20241012_017,2024-10-12 11:09:00,sec_env,news,True,672,stf_0210,15,False,False
cnt_20241012_018,2024-10-12 19:24:00,sec_pod,podcast,False,6635,stf_0226,24,False,False
cnt_20241012_019,2024-10-12 12:46:00,sec_opin,news,False,872,stf_0465,21,True,True
cnt_20241012_020,2024-10-12 10:39:00,sec_fin,news,True,922,stf_0043,24,False,False
cnt_20241012_021,2024-10-12 09:06:00,sec_life,news,False,1092,stf_0434,15,False,False
cnt_20241012_022,2024-10-12 19:07:00,sec_deep,news,True,1295,stf_0279,10,False,False
cnt_20241012_023,2024-10-12 15:33:00,sec_edu,news,False,1008,stf_0120,22,True,False
cnt_20241012_024,2024-10-12 11:13:00,sec_fin,news,True,875,stf_0150,13,False,False
cnt_20241012_025,2024-10-12 11:51:00,sec_pol,news,False,752,stf_0294,14,False,False
cnt_20241012_026,2024-10-12 16:42:00,sec_deep,news,True,594,stf_0380,14,False,False
cnt_20241012_027,2024-10-12 21:15:00,sec_vid,video,False,637,stf_0036,16,False,False
cnt_20241012_028,2024-10-12 08:53:00,sec_event,news,False,845,stf_0254,20,False,False
cnt_20241012_029,2024-10-12 14:26:00,sec_opin,news,False,717,stf_0124,14,False,False
cnt_20241012_030,2024-10-12 15:39:00,sec_life,news,False,800,stf_0328,16,False,False
cnt_20241012_031,2024-10-12 16:18:00,sec_soc,news,False,574,stf_0211,15,False,False
cnt_20241012_032,2024-10-12 09:07:00,sec_intl,news,False,1104,stf_0200,10,False,False
cnt_20241012_033,2024-10-12 11:31:00,sec_sport,news,False,1056,stf_0030,16,False,False
cnt_20241012_034,2024-10-12 13:40:00,sec_fin,news,True,763,stf_0181,19,False,False
cnt_20241012_035,2024-10-12 11:15:00,sec_pod,podcast,False,4059,stf_0094,18,False,False
cnt_20241012_036,2024-10-12 07:00:00,sec_pod,podcast,False,4246,stf_0062,18,False,False
cnt_20241012_037,2024-10-12 10:21:00,sec_vid,news,False,704,stf_0214,15,True,False
cnt_20241012_038,2024-10-12 11:41:00,sec_life,news,False,636,stf_0239,20,True,False
cnt_20241012_039,2024-10-12 16:25:00,sec_deep,feature,True,4170,stf_0125,13,False,False
cnt_20241012_040,2024-10-12 14:26:00,sec_brand,news,False,966,stf_0237,16,True,False
cnt_20241012_041,2024-10-12 16:15:00,sec_opin,feature,True,3727,stf_0208,9,False,False
cnt_20241013_001,2024-10-13 07:40:00,sec_short,news,False,916,stf_0027,15,False,False
cnt_20241013_002,2024-10-13 10:54:00,sec_pod,podcast,False,6082,stf_0055,20,True,False
cnt_20241013_003,2024-10-13 19:38:00,sec_shop,feature,True,1758,stf_0217,14,False,False
cnt_20241013_004,2024-10-13 16:33:00,sec_env,news,True,1122,stf_0317,18,False,False
cnt_20241013_005,2024-10-13 07:40:00,sec_vid,news,False,944,stf_0179,17,False,False
cnt_20241013_006,2024-10-13 19:05:00,sec_tech,news,True,559,stf_0198,16,True,False
cnt_20241013_007,2024-10-13 19:28:00,sec_edu,feature,False,2833,stf_0350,14,False,False
cnt_20241013_008,2024-10-13 08:25:00,sec_pod,podcast,False,2203,stf_0055,17,False,False
cnt_20241013_009,2024-10-13 08:33:00,sec_edu,news,False,509,stf_0053,15,False,False
cnt_20241013_010,2024-10-13 10:26:00,sec_ent,news,False,907,stf_0459,15,True,False
cnt_20241013_011,2024-10-13 09:07:00,sec_pol,feature,True,3878,stf_0288,21,True,False
cnt_20241013_012,2024-10-13 13:17:00,sec_sport,news,False,634,stf_0330,11,False,False
cnt_20241013_013,2024-10-13 21:25:00,sec_vid,video,False,1328,stf_0408,15,False,False
cnt_20241013_014,2024-10-13 07:29:00,sec_life,news,False,1141,stf_0435,16,True,False
cnt_20241013_015,2024-10-13 15:18:00,sec_brand,news,False,762,stf_0133,13,True,False
cnt_20241013_016,2024-10-13 21:21:00,sec_vid,video,False,488,stf_0408,13,False,False
cnt_20241013_017,2024-10-13 20:30:00,sec_vid,video,False,583,stf_0379,24,False,True
cnt_20241013_018,2024-10-13 13:35:00,sec_vid,news,False,687,stf_0311,15,True,False
cnt_20241013_019,2024-10-13 18:42:00,sec_soc,feature,False,3910,stf_0099,11,False,False
cnt_20241013_020,2024-10-13 08:52:00,sec_fin,news,True,1044,stf_0181,18,True,False
cnt_20241013_021,2024-10-13 22:28:00,sec_vid,video,False,765,stf_0433,13,False,False
cnt_20241013_022,2024-10-13 22:01:00,sec_vid,video,False,1035,stf_0433,17,False,True
cnt_20241013_023,2024-10-13 07:14:00,sec_opin,news,False,881,stf_0378,21,False,False
cnt_20241013_024,2024-10-13 10:31:00,sec_intl,news,False,945,stf_0117,14,False,False
cnt_20241013_025,2024-10-13 16:33:00,sec_edu,news,False,636,stf_0338,15,True,False
cnt_20241013_026,2024-10-13 21:07:00,sec_vid,video,False,735,stf_0022,13,False,False
cnt_20241013_027,2024-10-13 12:42:00,sec_env,news,True,735,stf_0368,14,True,False
cnt_20241013_028,2024-10-13 12:30:00,sec_sport,news,False,1110,stf_0398,13,False,False
cnt_20241013_029,2024-10-13 14:26:00,sec_fin,news,True,309,stf_0464,14,False,False
cnt_20241013_030,2024-10-13 14:19:00,sec_tech,news,True,1071,stf_0349,17,False,False
cnt_20241013_031,2024-10-13 09:55:00,sec_brand,news,False,782,stf_0154,20,True,False
cnt_20241013_032,2024-10-13 16:08:00,sec_event,news,False,480,stf_0468,17,False,False
cnt_20241014_001,2024-10-14 15:28:00,sec_pod,news,False,527,stf_0363,19,True,False
cnt_20241014_002,2024-10-14 12:16:00,sec_env,news,True,493,stf_0411,14,False,False
cnt_20241014_003,2024-10-14 15:59:00,sec_brand,feature,True,2732,stf_0365,11,False,False
cnt_20241014_004,2024-10-14 11:34:00,sec_vid,news,False,478,stf_0224,8,False,False
cnt_20241014_005,2024-10-14 20:44:00,sec_vid,video,False,798,stf_0321,20,True,False
cnt_20241014_006,2024-10-14 15:48:00,sec_pol,news,False,673,stf_0028,11,False,False
cnt_20241014_007,2024-10-14 11:27:00,sec_deep,news,True,980,stf_0125,12,True,False
cnt_20241014_008,2024-10-14 19:34:00,sec_life,news,False,1213,stf_0167,14,False,False
cnt_20241014_009,2024-10-14 09:32:00,sec_pod,podcast,False,2821,stf_0227,15,False,False
cnt_20241014_010,2024-10-14 13:54:00,sec_brand,feature,True,3202,stf_0375,10,True,False
cnt_20241014_011,2024-10-14 17:46:00,sec_pol,news,False,746,stf_0109,17,True,False
cnt_20241014_012,2024-10-14 19:24:00,sec_vid,news,False,568,stf_0179,15,True,False
cnt_20241014_013,2024-10-14 15:33:00,sec_env,news,True,1049,stf_0317,14,False,False
cnt_20241014_014,2024-10-14 14:36:00,sec_brand,news,False,681,stf_0073,14,False,False
cnt_20241014_015,2024-10-14 17:49:00,sec_life,news,False,885,stf_0163,20,True,False
cnt_20241014_016,2024-10-14 17:04:00,sec_opin,news,False,582,stf_0335,13,True,False
cnt_20241014_017,2024-10-14 07:45:00,sec_env,news,True,906,stf_0395,17,True,False
cnt_20241014_018,2024-10-14 09:03:00,sec_tech,news,True,416,stf_0354,18,True,False
cnt_20241014_019,2024-10-14 22:58:00,sec_vid,video,False,1329,stf_0423,16,False,False
cnt_20241014_020,2024-10-14 20:16:00,sec_vid,video,False,1510,stf_0060,18,False,False
cnt_20241014_021,2024-10-14 17:08:00,sec_opin,news,False,976,stf_0155,11,True,False
cnt_20241014_022,2024-10-14 14:30:00,sec_opin,news,False,907,stf_0040,14,True,False
cnt_20241014_023,2024-10-14 18:10:00,sec_short,news,False,925,stf_0077,11,False,False
cnt_20241014_024,2024-10-14 18:51:00,sec_pol,news,False,872,stf_0272,18,True,False
cnt_20241014_025,2024-10-14 19:00:00,sec_vid,video,False,1163,stf_0019,17,False,False
cnt_20241014_026,2024-10-14 13:12:00,sec_intl,news,False,871,stf_0032,20,False,False
cnt_20241014_027,2024-10-14 07:55:00,sec_soc,feature,True,1676,stf_0012,10,False,False
cnt_20241014_028,2024-10-14 11:29:00,sec_pod,podcast,False,5174,stf_0062,13,False,False
cnt_20241014_029,2024-10-14 10:14:00,sec_tech,news,True,775,stf_0388,14,False,False
cnt_20241014_030,2024-10-14 15:26:00,sec_opin,news,False,567,stf_0394,19,True,False
cnt_20241014_031,2024-10-14 07:35:00,sec_brand,feature,True,1649,stf_0249,14,True,False
cnt_20241014_032,2024-10-14 09:08:00,sec_brand,news,False,694,stf_0074,14,False,False
cnt_20241014_033,2024-10-14 20:20:00,sec_vid,video,False,1167,stf_0408,16,True,False
cnt_20241014_034,2024-10-14 07:59:00,sec_pod,podcast,False,4740,stf_0216,14,False,True
cnt_20241014_035,2024-10-14 21:32:00,sec_vid,video,False,797,stf_0165,9,False,False
cnt_20241014_036,2024-10-14 20:59:00,sec_vid,video,False,841,stf_0214,13,False,False
cnt_20241014_037,2024-10-14 20:58:00,sec_vid,video,False,342,stf_0106,8,False,False
cnt_20241014_038,2024-10-14 08:02:00,sec_life,news,False,1001,stf_0297,8,False,False
cnt_20241014_039,2024-10-14 15:03:00,sec_opin,feature,False,3895,stf_0432,17,False,False
cnt_20241014_040,2024-10-14 11:48:00,sec_pol,news,False,981,stf_0404,8,False,False
cnt_20241014_041,2024-10-14 16:57:00,sec_sport,news,False,314,stf_0219,10,True,False
cnt_20241014_042,2024-10-14 09:06:00,sec_vid,news,False,1053,stf_0396,15,True,False
cnt_20241014_043,2024-10-14 12:53:00,sec_life,news,False,1130,stf_0336,8,False,False
cnt_20241014_044,2024-10-14 12:52:00,sec_shop,feature,True,4913,stf_0119,16,False,False
cnt_20241014_045,2024-10-14 19:25:00,sec_event,feature,True,2214,stf_0468,18,False,False
cnt_20241014_046,2024-10-14 21:43:00,sec_vid,video,False,1429,stf_0379,16,True,False
cnt_20241014_047,2024-10-14 17:55:00,sec_fin,news,True,541,stf_0122,14,True,False
cnt_20241014_048,2024-10-14 15:00:00,sec_opin,news,False,807,stf_0208,14,True,False
cnt_20241014_049,2024-10-14 19:00:00,sec_edu,feature,False,4420,stf_0255,12,False,False
cnt_20241014_050,2024-10-14 12:37:00,sec_life,news,False,834,stf_0397,16,True,False
cnt_20241014_051,2024-10-14 08:16:00,sec_ent,feature,True,2896,stf_0118,9,False,False
cnt_20241014_052,2024-10-14 10:55:00,sec_soc,news,False,857,stf_0448,17,False,False
cnt_20241014_053,2024-10-14 17:24:00,sec_vid,news,False,700,stf_0478,11,True,False
cnt_20241014_054,2024-10-14 20:11:00,sec_vid,video,False,1232,stf_0215,27,True,False
cnt_20241014_055,2024-10-14 14:37:00,sec_short,news,False,626,stf_0318,12,True,False
cnt_20241014_056,2024-10-14 19:22:00,sec_vid,video,False,1417,stf_0478,9,False,False
cnt_20241014_057,2024-10-14 12:48:00,sec_deep,news,True,814,stf_0003,23,False,False
cnt_20241014_058,2024-10-14 20:13:00,sec_vid,video,False,1298,stf_0123,16,False,False
cnt_20241015_001,2024-10-15 09:37:00,sec_event,news,False,671,stf_0320,9,False,False
cnt_20241015_002,2024-10-15 11:04:00,sec_fin,feature,True,3245,stf_0033,23,True,False
cnt_20241015_003,2024-10-15 22:47:00,sec_vid,video,False,993,stf_0022,13,True,False
cnt_20241015_004,2024-10-15 17:58:00,sec_pod,podcast,False,5551,stf_0235,19,False,False
cnt_20241015_005,2024-10-15 08:10:00,sec_edu,news,False,1145,stf_0189,8,False,False
cnt_20241015_006,2024-10-15 07:38:00,sec_pol,feature,False,4665,stf_0081,8,False,False
cnt_20241015_007,2024-10-15 21:47:00,sec_vid,video,False,1044,stf_0179,13,False,False
cnt_20241015_008,2024-10-15 18:49:00,sec_intl,news,False,955,stf_0223,17,False,False
cnt_20241015_009,2024-10-15 09:18:00,sec_soc,news,False,1091,stf_0061,11,False,False
cnt_20241015_010,2024-10-15 14:54:00,sec_pod,news,False,802,stf_0105,13,False,False
cnt_20241015_011,2024-10-15 21:18:00,sec_vid,video,False,1055,stf_0321,13,True,False
cnt_20241015_012,2024-10-15 09:38:00,sec_deep,news,True,839,stf_0183,9,False,False
cnt_20241015_013,2024-10-15 18:55:00,sec_vid,video,False,803,stf_0083,16,False,False
cnt_20241015_014,2024-10-15 16:57:00,sec_ent,news,False,915,stf_0204,14,True,False
cnt_20241015_015,2024-10-15 13:36:00,sec_tech,feature,True,2535,stf_0132,17,False,False
cnt_20241015_016,2024-10-15 19:24:00,sec_shop,news,False,579,stf_0121,10,False,False
cnt_20241015_017,2024-10-15 21:40:00,sec_vid,video,False,415,stf_0321,8,False,False
cnt_20241015_018,2024-10-15 07:35:00,sec_event,news,False,515,stf_0385,9,False,True
cnt_20241015_019,2024-10-15 19:14:00,sec_vid,video,False,430,stf_0396,14,False,False
cnt_20241015_020,2024-10-15 18:37:00,sec_short,news,False,845,stf_0469,17,False,False
cnt_20241015_021,2024-10-15 19:25:00,sec_pod,podcast,False,4797,stf_0454,18,False,False
cnt_20241015_022,2024-10-15 21:02:00,sec_vid,video,False,1011,stf_0123,18,False,False
cnt_20241015_023,2024-10-15 19:19:00,sec_pod,podcast,False,5581,stf_0273,13,False,False
cnt_20241015_024,2024-10-15 14:41:00,sec_tech,feature,True,3055,stf_0399,14,False,False
cnt_20241015_025,2024-10-15 16:07:00,sec_sport,news,False,805,stf_0048,10,False,False
cnt_20241015_026,2024-10-15 07:25:00,sec_brand,feature,False,3805,stf_0154,15,True,False
cnt_20241015_027,2024-10-15 08:13:00,sec_pod,podcast,False,4702,stf_0273,16,False,False
cnt_20241015_028,2024-10-15 17:19:00,sec_brand,news,False,810,stf_0116,21,True,False
cnt_20241015_029,2024-10-15 13:30:00,sec_vid,news,False,1159,stf_0311,10,False,False
cnt_20241015_030,2024-10-15 12:02:00,sec_intl,news,False,481,stf_0188,13,False,False
cnt_20241015_031,2024-10-15 08:36:00,sec_vid,feature,False,3051,stf_0433,11,False,False
cnt_20241015_032,2024-10-15 15:31:00,sec_pol,news,False,665,stf_0169,16,True,False
cnt_20241015_033,2024-10-15 08:33:00,sec_brand,news,False,1195,stf_0303,14,True,False
cnt_20241015_034,2024-10-15 22:22:00,sec_vid,video,False,300,stf_0001,13,True,False
cnt_20241015_035,2024-10-15 21:45:00,sec_vid,video,False,829,stf_0068,13,False,False
cnt_20241015_036,2024-10-15 11:16:00,sec_fin,news,True,1297,stf_0043,11,False,False
cnt_20241015_037,2024-10-15 12:00:00,sec_vid,news,False,788,stf_0427,17,False,False
cnt_20241015_038,2024-10-15 17:10:00,sec_vid,news,False,660,stf_0083,13,False,False
cnt_20241015_039,2024-10-15 16:25:00,sec_soc,news,False,575,stf_0042,10,False,False
cnt_20241015_040,2024-10-15 15:29:00,sec_short,news,False,647,stf_0025,22,False,False
cnt_20241015_041,2024-10-15 07:49:00,sec_deep,feature,True,3964,stf_0431,9,False,False
cnt_20241015_042,2024-10-15 07:51:00,sec_env,feature,True,3799,stf_0151,17,True,False
cnt_20241015_043,2024-10-15 20:25:00,sec_vid,video,False,806,stf_0214,15,False,False
cnt_20241015_044,2024-10-15 19:28:00,sec_pod,podcast,False,6947,stf_0357,8,False,False
cnt_20241016_001,2024-10-16 07:36:00,sec_intl,news,False,935,stf_0403,15,True,False
cnt_20241016_002,2024-10-16 15:56:00,sec_shop,news,False,730,stf_0121,15,False,False
cnt_20241016_003,2024-10-16 11:14:00,sec_opin,feature,False,3092,stf_0193,15,False,False
cnt_20241016_004,2024-10-16 17:10:00,sec_event,news,False,634,stf_0385,20,False,False
cnt_20241016_005,2024-10-16 16:09:00,sec_vid,news,False,974,stf_0022,15,False,False
cnt_20241016_006,2024-10-16 13:39:00,sec_intl,news,False,1176,stf_0314,10,False,False
cnt_20241016_007,2024-10-16 19:44:00,sec_ent,news,False,918,stf_0359,21,False,False
cnt_20241016_008,2024-10-16 10:15:00,sec_soc,feature,False,3054,stf_0099,8,False,False
cnt_20241016_009,2024-10-16 14:52:00,sec_tech,news,True,958,stf_0302,15,False,False
cnt_20241016_010,2024-10-16 10:08:00,sec_event,news,False,1058,stf_0391,14,False,False
cnt_20241016_011,2024-10-16 13:27:00,sec_pod,news,False,998,stf_0076,15,False,True
cnt_20241016_012,2024-10-16 16:20:00,sec_pod,news,False,256,stf_0062,14,False,False
cnt_20241016_013,2024-10-16 17:42:00,sec_tech,news,True,852,stf_0445,11,False,False
cnt_20241016_014,2024-10-16 09:46:00,sec_pod,feature,True,3946,stf_0273,14,False,False
cnt_20241016_015,2024-10-16 19:15:00,sec_pol,news,False,556,stf_0467,13,False,False
cnt_20241016_016,2024-10-16 08:45:00,sec_sport,news,False,734,stf_0222,22,True,False
cnt_20241016_017,2024-10-16 16:10:00,sec_fin,news,True,739,stf_0049,15,False,False
cnt_20241016_018,2024-10-16 21:32:00,sec_vid,video,False,1321,stf_0478,14,True,False
cnt_20241016_019,2024-10-16 12:47:00,sec_fin,news,True,802,stf_0278,17,False,False
cnt_20241016_020,2024-10-16 18:32:00,sec_intl,news,False,914,stf_0314,17,False,False
cnt_20241016_021,2024-10-16 14:41:00,sec_opin,feature,False,1433,stf_0425,12,False,False
cnt_20241016_022,2024-10-16 14:32:00,sec_vid,news,False,1044,stf_0214,10,True,False
cnt_20241016_023,2024-10-16 16:36:00,sec_event,news,False,906,stf_0090,9,False,False
cnt_20241016_024,2024-10-16 10:18:00,sec_tech,news,True,1146,stf_0307,18,False,False
cnt_20241016_025,2024-10-16 15:59:00,sec_intl,feature,False,2619,stf_0287,13,False,False
cnt_20241016_026,2024-10-16 07:04:00,sec_edu,news,False,759,stf_0338,10,False,False
cnt_20241016_027,2024-10-16 10:35:00,sec_deep,news,True,1197,stf_0101,16,True,False
cnt_20241016_028,2024-10-16 12:59:00,sec_vid,news,False,804,stf_0427,13,True,False
cnt_20241016_029,2024-10-16 09:25:00,sec_fin,feature,True,1957,stf_0013,16,False,False
cnt_20241016_030,2024-10-16 19:05:00,sec_event,news,False,1076,stf_0456,14,False,False
cnt_20241016_031,2024-10-16 22:26:00,sec_vid,video,False,1151,stf_0068,17,True,False
cnt_20241016_032,2024-10-16 10:17:00,sec_event,news,False,608,stf_0090,15,False,False
cnt_20241016_033,2024-10-16 15:30:00,sec_short,news,False,1102,stf_0152,16,True,False
cnt_20241016_034,2024-10-16 17:11:00,sec_soc,news,False,897,stf_0461,18,False,False
cnt_20241016_035,2024-10-16 07:22:00,sec_event,news,False,678,stf_0082,12,False,False
cnt_20241016_036,2024-10-16 11:19:00,sec_event,news,False,1023,stf_0082,15,False,False
cnt_20241016_037,2024-10-16 12:32:00,sec_pod,podcast,False,6712,stf_0444,17,False,False
cnt_20241016_038,2024-10-16 14:15:00,sec_life,news,False,1237,stf_0328,12,False,False
cnt_20241016_039,2024-10-16 16:46:00,sec_pod,news,False,498,stf_0094,22,False,False
cnt_20241016_040,2024-10-16 20:19:00,sec_vid,video,False,1047,stf_0234,12,True,False
cnt_20241016_041,2024-10-16 15:56:00,sec_sport,feature,False,2613,stf_0233,12,False,False
cnt_20241016_042,2024-10-16 14:38:00,sec_pod,podcast,False,7625,stf_0226,11,False,False
cnt_20241016_043,2024-10-16 19:59:00,sec_intl,news,False,808,stf_0287,13,False,False
cnt_20241016_044,2024-10-16 16:33:00,sec_life,feature,False,3598,stf_0047,12,False,False
cnt_20241016_045,2024-10-16 08:26:00,sec_short,news,False,975,stf_0244,14,False,False
cnt_20241016_046,2024-10-16 19:58:00,sec_tech,news,True,510,stf_0349,12,False,False
cnt_20241016_047,2024-10-16 12:21:00,sec_deep,feature,True,3274,stf_0153,17,True,False
cnt_20241016_048,2024-10-16 10:57:00,sec_brand,news,False,867,stf_0365,18,True,False
cnt_20241016_049,2024-10-16 15:51:00,sec_shop,news,False,531,stf_0144,22,True,False
cnt_20241016_050,2024-10-16 19:32:00,sec_ent,feature,True,2583,stf_0097,19,False,False
cnt_20241016_051,2024-10-16 16:18:00,sec_life,news,False,487,stf_0301,12,False,False
cnt_20241016_052,2024-10-16 11:22:00,sec_ent,news,False,600,stf_0058,23,False,True
cnt_20241016_053,2024-10-16 09:26:00,sec_vid,news,False,1069,stf_0433,13,False,False
cnt_20241016_054,2024-10-16 17:12:00,sec_brand,feature,False,3205,stf_0429,11,False,False
cnt_20241016_055,2024-10-16 21:59:00,sec_vid,video,False,1295,stf_0036,11,False,False
cnt_20241017_001,2024-10-17 14:19:00,sec_event,news,False,528,stf_0473,12,True,False
cnt_20241017_002,2024-10-17 08:04:00,sec_short,news,False,1100,stf_0471,15,False,False
cnt_20241017_003,2024-10-17 14:29:00,sec_env,feature,True,2933,stf_0290,11,False,False
cnt_20241017_004,2024-10-17 11:46:00,sec_ent,feature,True,3753,stf_0362,17,False,False
cnt_20241017_005,2024-10-17 09:42:00,sec_intl,news,False,1088,stf_0287,16,False,False
cnt_20241017_006,2024-10-17 08:56:00,sec_short,feature,False,3911,stf_0323,10,False,False
cnt_20241017_007,2024-10-17 22:43:00,sec_vid,video,False,909,stf_0123,12,False,False
cnt_20241017_008,2024-10-17 08:57:00,sec_opin,feature,True,3886,stf_0425,17,True,False
cnt_20241017_009,2024-10-17 09:47:00,sec_event,feature,True,2421,stf_0416,17,True,False
cnt_20241017_010,2024-10-17 14:32:00,sec_fin,feature,True,3046,stf_0038,11,True,False
cnt_20241017_011,2024-10-17 11:38:00,sec_vid,news,False,894,stf_0311,11,False,False
cnt_20241017_012,2024-10-17 21:00:00,sec_vid,video,False,1126,stf_0433,11,False,False
cnt_20241017_013,2024-10-17 12:09:00,sec_ent,news,False,663,stf_0118,10,False,False
cnt_20241017_014,2024-10-17 09:18:00,sec_opin,news,False,967,stf_0282,15,False,False
cnt_20241017_015,2024-10-17 13:37:00,sec_fin,news,True,943,stf_0383,22,False,False
cnt_20241017_016,2024-10-17 09:56:00,sec_short,news,False,486,stf_0244,11,False,False
cnt_20241017_017,2024-10-17 14:15:00,sec_soc,feature,True,4212,stf_0172,19,False,False
cnt_20241017_018,2024-10-17 09:00:00,sec_event,news,False,1103,stf_0385,15,False,False
cnt_20241017_019,2024-10-17 19:43:00,sec_deep,news,True,1044,stf_0274,15,False,False
cnt_20241017_020,2024-10-17 15:09:00,sec_ent,news,False,672,stf_0070,19,True,False
cnt_20241017_021,2024-10-17 18:31:00,sec_opin,news,False,1109,stf_0386,16,False,False
cnt_20241017_022,2024-10-17 19:24:00,sec_vid,video,False,1047,stf_0019,13,False,False
cnt_20241017_023,2024-10-17 17:46:00,sec_fin,news,True,764,stf_0122,9,False,False
cnt_20241017_024,2024-10-17 13:02:00,sec_edu,news,False,1083,stf_0255,18,False,False
cnt_20241017_025,2024-10-17 17:15:00,sec_ent,news,False,980,stf_0034,18,True,False
cnt_20241017_026,2024-10-17 07:53:00,sec_deep,feature,True,3332,stf_0431,9,False,False
cnt_20241017_027,2024-10-17 20:02:00,sec_vid,video,False,865,stf_0224,17,True,False
cnt_20241017_028,2024-10-17 20:43:00,sec_vid,video,False,407,stf_0060,20,False,False
cnt_20241017_029,2024-10-17 07:16:00,sec_pol,news,False,684,stf_0203,11,False,False
cnt_20241017_030,2024-10-17 16:42:00,sec_brand,feature,True,3395,stf_0017,12,False,False
cnt_20241017_031,2024-10-17 11:45:00,sec_short,news,False,757,stf_0402,10,True,False
cnt_20241017_032,2024-10-17 14:56:00,sec_sport,news,False,803,stf_0141,14,False,False
cnt_20241017_033,2024-10-17 19:36:00,sec_pod,podcast,False,5436,stf_0357,22,False,False
cnt_20241017_034,2024-10-17 11:18:00,sec_opin,news,False,587,stf_0474,13,False,False
cnt_20241017_035,2024-10-17 13:00:00,sec_pol,news,False,770,stf_0114,15,False,False
cnt_20241017_036,2024-10-17 12:11:00,sec_sport,feature,False,1980,stf_0219,12,True,False
cnt_20241017_037,2024-10-17 13:08:00,sec_pol,feature,True,3344,stf_0128,14,False,False
cnt_20241017_038,2024-10-17 14:02:00,sec_ent,news,False,961,stf_0236,17,False,False
cnt_20241017_039,2024-10-17 16:00:00,sec_short,feature,False,1942,stf_0281,12,False,False
cnt_20241017_040,2024-10-17 09:40:00,sec_pod,podcast,False,4773,stf_0426,19,False,False
cnt_20241017_041,2024-10-17 19:48:00,sec_pod,podcast,False,7830,stf_0235,11,False,False
cnt_20241017_042,2024-10-17 18:31:00,sec_env,news,True,732,stf_0395,18,False,False
cnt_20241017_043,2024-10-17 18:47:00,sec_vid,video,False,1091,stf_0396,14,False,False
cnt_20241017_044,2024-10-17 18:21:00,sec_ent,news,False,559,stf_0135,13,True,False
cnt_20241017_045,2024-10-17 18:35:00,sec_vid,video,False,586,stf_0068,21,False,False
cnt_20241017_046,2024-10-17 08:01:00,sec_pod,podcast,False,6574,stf_0226,20,True,False
cnt_20241017_047,2024-10-17 15:50:00,sec_fin,news,True,674,stf_0230,14,False,False
cnt_20241017_048,2024-10-17 11:24:00,sec_pod,podcast,False,4907,stf_0426,18,False,False
cnt_20241017_049,2024-10-17 10:43:00,sec_pol,news,False,523,stf_0420,14,False,False
cnt_20241017_050,2024-10-17 10:59:00,sec_pod,podcast,False,5839,stf_0381,15,False,False
cnt_20241017_051,2024-10-17 17:51:00,sec_pod,podcast,False,3688,stf_0381,12,False,False
cnt_20241017_052,2024-10-17 17:38:00,sec_brand,news,False,941,stf_0074,11,False,False
cnt_20241017_053,2024-10-17 21:37:00,sec_vid,video,False,1097,stf_0106,18,False,False
cnt_20241017_054,2024-10-17 13:18:00,sec_ent,news,False,852,stf_0352,12,False,False
cnt_20241017_055,2024-10-17 07:29:00,sec_edu,feature,False,2181,stf_0053,18,True,False
cnt_20241017_056,2024-10-17 11:00:00,sec_pod,podcast,False,6719,stf_0454,12,False,False
cnt_20241017_057,2024-10-17 08:12:00,sec_life,feature,False,3239,stf_0341,12,False,False
cnt_20241017_058,2024-10-17 21:30:00,sec_vid,video,False,1430,stf_0215,18,False,False
cnt_20241017_059,2024-10-17 11:21:00,sec_pod,podcast,False,6633,stf_0076,12,False,False
cnt_20241017_060,2024-10-17 22:34:00,sec_vid,video,False,450,stf_0165,11,False,False
cnt_20241017_061,2024-10-17 15:38:00,sec_brand,news,False,1133,stf_0252,8,False,False
cnt_20241017_062,2024-10-17 13:35:00,sec_pod,podcast,False,6635,stf_0129,11,False,False
cnt_20241018_001,2024-10-18 16:42:00,sec_opin,news,False,538,stf_0184,19,True,False
cnt_20241018_002,2024-10-18 10:27:00,sec_vid,news,False,801,stf_0396,16,False,False
cnt_20241018_003,2024-10-18 08:50:00,sec_pod,podcast,False,6528,stf_0363,15,False,False
cnt_20241018_004,2024-10-18 11:14:00,sec_soc,news,False,1051,stf_0211,17,False,False
cnt_20241018_005,2024-10-18 15:43:00,sec_vid,news,False,684,stf_0088,12,False,False
cnt_20241018_006,2024-10-18 19:04:00,sec_pol,news,False,759,stf_0064,18,False,False
cnt_20241018_007,2024-10-18 08:43:00,sec_edu,news,False,973,stf_0018,20,False,False
cnt_20241018_008,2024-10-18 13:14:00,sec_sport,feature,True,3127,stf_0160,12,False,False
cnt_20241018_009,2024-10-18 14:05:00,sec_shop,news,False,590,stf_0324,22,False,False
cnt_20241018_010,2024-10-18 11:35:00,sec_pod,podcast,False,2990,stf_0344,18,True,False
cnt_20241018_011,2024-10-18 10:01:00,sec_brand,news,False,797,stf_0074,17,False,False
cnt_20241018_012,2024-10-18 21:20:00,sec_vid,video,False,1052,stf_0022,17,False,False
cnt_20241018_013,2024-10-18 17:22:00,sec_pod,podcast,False,5591,stf_0466,10,False,False
cnt_20241018_014,2024-10-18 10:06:00,sec_env,news,True,796,stf_0440,15,False,False
cnt_20241018_015,2024-10-18 14:24:00,sec_soc,news,False,880,stf_0405,21,False,False
cnt_20241018_016,2024-10-18 14:25:00,sec_deep,news,True,1005,stf_0407,12,True,False
cnt_20241018_017,2024-10-18 12:01:00,sec_shop,news,False,711,stf_0324,19,False,False
cnt_20241018_018,2024-10-18 21:57:00,sec_vid,video,False,1467,stf_0088,11,False,False
cnt_20241018_019,2024-10-18 18:41:00,sec_brand,news,False,480,stf_0016,14,False,False
cnt_20241018_020,2024-10-18 09:33:00,sec_life,feature,True,2631,stf_0002,18,False,False
cnt_20241018_021,2024-10-18 10:53:00,sec_edu,news,False,470,stf_0098,15,False,False
cnt_20241018_022,2024-10-18 19:31:00,sec_fin,feature,True,4611,stf_0122,20,False,False
cnt_20241018_023,2024-10-18 18:40:00,sec_vid,video,False,1349,stf_0224,10,False,False
cnt_20241018_024,2024-10-18 08:49:00,sec_intl,news,False,457,stf_0100,16,False,False
cnt_20241018_025,2024-10-18 14:23:00,sec_pod,podcast,False,5765,stf_0238,8,False,False
cnt_20241018_026,2024-10-18 14:43:00,sec_sport,news,False,897,stf_0480,14,False,False
cnt_20241018_027,2024-10-18 14:56:00,sec_opin,news,False,1116,stf_0310,15,False,False
cnt_20241018_028,2024-10-18 19:52:00,sec_event,news,False,862,stf_0455,11,False,False
cnt_20241018_029,2024-10-18 18:46:00,sec_env,news,True,457,stf_0440,14,True,False
cnt_20241018_030,2024-10-18 14:43:00,sec_short,news,False,865,stf_0281,19,True,False
cnt_20241018_031,2024-10-18 12:40:00,sec_deep,news,True,985,stf_0101,13,False,False
cnt_20241018_032,2024-10-18 08:59:00,sec_event,news,False,343,stf_0320,12,False,False
cnt_20241018_033,2024-10-18 18:58:00,sec_vid,video,False,1090,stf_0106,13,False,False
cnt_20241018_034,2024-10-18 16:35:00,sec_pod,news,False,894,stf_0094,16,True,False
cnt_20241018_035,2024-10-18 19:24:00,sec_vid,news,False,614,stf_0478,15,True,False
cnt_20241018_036,2024-10-18 15:05:00,sec_shop,news,False,910,stf_0144,16,False,False
cnt_20241018_037,2024-10-18 19:30:00,sec_soc,news,False,888,stf_0356,21,True,False
cnt_20241018_038,2024-10-18 21:36:00,sec_vid,video,False,1325,stf_0214,14,False,False
cnt_20241018_039,2024-10-18 14:55:00,sec_short,news,False,581,stf_0372,18,False,False
cnt_20241018_040,2024-10-18 09:49:00,sec_life,news,False,443,stf_0051,13,True,False
cnt_20241018_041,2024-10-18 17:23:00,sec_pod,news,False,545,stf_0381,24,True,False
cnt_20241018_042,2024-10-18 07:55:00,sec_sport,news,False,518,stf_0398,17,True,False
cnt_20241018_043,2024-10-18 12:46:00,sec_shop,news,False,527,stf_0119,9,False,False
cnt_20241018_044,2024-10-18 08:39:00,sec_tech,news,True,989,stf_0428,11,False,False
cnt_20241018_045,2024-10-18 09:30:00,sec_life,news,False,733,stf_0369,16,False,False
cnt_20241018_046,2024-10-18 19:11:00,sec_shop,news,False,893,stf_0351,18,True,False
cnt_20241018_047,2024-10-18 19:24:00,sec_deep,feature,True,3508,stf_0332,13,False,False
cnt_20241018_048,2024-10-18 15:33:00,sec_pod,news,False,410,stf_0381,16,False,False
cnt_20241018_049,2024-10-18 14:23:00,sec_pod,podcast,False,4578,stf_0216,10,True,False
cnt_20241018_050,2024-10-18 12:42:00,sec_event,news,False,790,stf_0315,8,False,False
cnt_20241018_051,2024-10-18 10:17:00,sec_vid,news,False,941,stf_0019,18,True,False
cnt_20241018_052,2024-10-18 17:05:00,sec_pod,podcast,False,4424,stf_0129,14,True,False
cnt_20241018_053,2024-10-18 19:10:00,sec_fin,news,True,1070,stf_0230,17,False,False
cnt_20241018_054,2024-10-18 17:22:00,sec_shop,feature,True,3333,stf_0319,16,False,False
cnt_20241018_055,2024-10-18 12:44:00,sec_fin,news,True,1528,stf_0406,16,False,False
cnt_20241018_056,2024-10-18 13:45:00,sec_intl,feature,True,3157,stf_0449,12,False,False
cnt_20241018_057,2024-10-18 07:26:00,sec_deep,news,True,1019,stf_0153,10,True,False
cnt_20241019_001,2024-10-19 17:43:00,sec_tech,news,True,574,stf_0417,14,False,False
cnt_20241019_002,2024-10-19 14:53:00,sec_pod,podcast,False,7667,stf_0094,16,False,False
cnt_20241019_003,2024-10-19 19:37:00,sec_intl,feature,True,3388,stf_0263,19,True,False
cnt_20241019_004,2024-10-19 14:34:00,sec_edu,news,False,468,stf_0031,12,False,False
cnt_20241019_005,2024-10-19 13:35:00,sec_pol,news,False,623,stf_0404,12,False,False
cnt_20241019_006,2024-10-19 20:03:00,sec_vid,video,False,940,stf_0060,13,False,False
cnt_20241019_007,2024-10-19 16:57:00,sec_tech,news,True,1096,stf_0213,14,False,False
cnt_20241019_008,2024-10-19 17:35:00,sec_pod,podcast,False,5146,stf_0273,24,False,False
cnt_20241019_009,2024-10-19 12:20:00,sec_pod,podcast,False,7083,stf_0426,17,False,False
cnt_20241019_010,2024-10-19 15:41:00,sec_pol,feature,False,4067,stf_0393,19,True,False
cnt_20241019_011,2024-10-19 14:43:00,sec_pol,feature,False,2475,stf_0353,22,False,False
cnt_20241019_012,2024-10-19 22:35:00,sec_vid,video,False,822,stf_0088,12,False,False
cnt_20241019_013,2024-10-19 07:18:00,sec_deep,news,True,638,stf_0446,13,False,False
cnt_20241019_014,2024-10-19 08:27:00,sec_pod,podcast,False,7069,stf_0235,12,False,False
cnt_20241019_015,2024-10-19 07:43:00,sec_tech,news,True,797,stf_0422,18,False,True
cnt_20241019_016,2024-10-19 20:03:00,sec_vid,video,False,1222,stf_0083,12,False,False
cnt_20241019_017,2024-10-19 08:13:00,sec_short,news,False,560,stf_0469,13,True,False
cnt_20241019_018,2024-10-19 19:39:00,sec_vid,video,False,889,stf_0214,12,False,False
cnt_20241019_019,2024-10-19 18:12:00,sec_vid,video,False,719,stf_0186,19,False,False
cnt_20241019_020,2024-10-19 21:02:00,sec_vid,video,False,957,stf_0214,28,False,False
cnt_20241019_021,2024-10-19 17:32:00,sec_shop,news,False,951,stf_0232,16,False,False
cnt_20241019_022,2024-10-19 13:29:00,sec_shop,news,False,752,stf_0351,15,False,False
cnt_20241019_023,2024-10-19 15:10:00,sec_shop,news,False,1030,stf_0458,15,False,False
cnt_20241019_024,2024-10-19 11:29:00,sec_pod,news,False,1078,stf_0363,15,False,False
cnt_20241019_025,2024-10-19 14:02:00,sec_opin,news,False,749,stf_0382,17,False,False
cnt_20241019_026,2024-10-19 08:43:00,sec_pod,podcast,False,7004,stf_0426,15,True,False
cnt_20241019_027,2024-10-19 13:49:00,sec_ent,feature,False,1582,stf_0415,18,True,False
cnt_20241019_028,2024-10-19 10:07:00,sec_short,news,False,527,stf_0372,16,False,False
cnt_20241019_029,2024-10-19 20:39:00,sec_vid,video,False,785,stf_0379,18,False,False
cnt_20241019_030,2024-10-19 14:39:00,sec_pod,podcast,False,7153,stf_0401,16,False,False
cnt_20241019_031,2024-10-19 11:21:00,sec_tech,news,True,274,stf_0291,20,False,False
cnt_20241019_032,2024-10-19 17:24:00,sec_shop,news,False,1000,stf_0121,12,True,False
cnt_20241019_033,2024-10-19 13:53:00,sec_event,news,False,534,stf_0436,13,False,False
cnt_20241019_034,2024-10-19 16:13:00,sec_fin,feature,True,2228,stf_0199,9,False,False
cnt_20241019_035,2024-10-19 12:59:00,sec_life,news,False,1207,stf_0102,11,False,False
cnt_20241019_036,2024-10-19 16:11:00,sec_event,news,False,220,stf_0468,25,True,False
cnt_20241020_001,2024-10-20 19:41:00,sec_pod,podcast,False,4505,stf_0444,17,False,False
cnt_20241020_002,2024-10-20 22:40:00,sec_vid,video,False,1252,stf_0408,16,False,False
cnt_20241020_003,2024-10-20 12:20:00,sec_tech,feature,True,2921,stf_0092,11,False,False
cnt_20241020_004,2024-10-20 09:39:00,sec_ent,news,False,236,stf_0097,17,False,False
cnt_20241020_005,2024-10-20 21:30:00,sec_vid,video,False,990,stf_0379,11,False,False
cnt_20241020_006,2024-10-20 16:34:00,sec_pod,podcast,False,5466,stf_0454,10,True,False
cnt_20241020_007,2024-10-20 11:51:00,sec_event,news,False,1049,stf_0456,13,False,False
cnt_20241020_008,2024-10-20 07:41:00,sec_opin,news,False,1001,stf_0037,8,False,False
cnt_20241020_009,2024-10-20 07:44:00,sec_life,news,False,748,stf_0336,9,False,False
cnt_20241020_010,2024-10-20 14:01:00,sec_soc,news,False,634,stf_0011,13,False,False
cnt_20241020_011,2024-10-20 18:02:00,sec_vid,video,False,683,stf_0106,18,False,False
cnt_20241020_012,2024-10-20 10:46:00,sec_pod,news,False,642,stf_0344,13,True,False
cnt_20241020_013,2024-10-20 16:36:00,sec_fin,news,True,960,stf_0472,10,True,False
cnt_20241020_014,2024-10-20 22:18:00,sec_vid,video,False,1005,stf_0165,20,False,False
cnt_20241020_015,2024-10-20 16:24:00,sec_ent,news,False,973,stf_0135,8,False,False
cnt_20241020_016,2024-10-20 14:54:00,sec_sport,news,False,835,stf_0221,28,True,False
cnt_20241020_017,2024-10-20 16:52:00,sec_intl,news,False,827,stf_0200,22,True,False
cnt_20241020_018,2024-10-20 11:58:00,sec_tech,news,True,1275,stf_0349,13,False,False
cnt_20241020_019,2024-10-20 07:03:00,sec_deep,news,True,891,stf_0153,17,True,False
cnt_20241020_020,2024-10-20 11:35:00,sec_opin,news,False,963,stf_0295,15,False,False
cnt_20241020_021,2024-10-20 14:13:00,sec_deep,news,True,617,stf_0380,18,False,False
cnt_20241020_022,2024-10-20 14:55:00,sec_sport,news,False,744,stf_0107,16,False,False
cnt_20241020_023,2024-10-20 14:45:00,sec_vid,news,False,597,stf_0060,15,False,False
cnt_20241020_024,2024-10-20 12:58:00,sec_fin,news,True,1142,stf_0095,14,False,False
cnt_20241020_025,2024-10-20 13:43:00,sec_pol,news,False,798,stf_0114,14,False,False
cnt_20241020_026,2024-10-20 16:24:00,sec_edu,feature,False,6109,stf_0338,15,False,False
cnt_20241020_027,2024-10-20 18:19:00,sec_env,news,True,879,stf_0096,16,True,False
cnt_20241020_028,2024-10-20 07:22:00,sec_short,news,False,567,stf_0025,17,True,False
cnt_20241021_001,2024-10-21 18:30:00,sec_pod,podcast,False,4434,stf_0363,10,False,False
cnt_20241021_002,2024-10-21 17:12:00,sec_deep,news,True,1018,stf_0086,16,True,False
cnt_20241021_003,2024-10-21 10:43:00,sec_pod,podcast,False,4346,stf_0381,13,True,False
cnt_20241021_004,2024-10-21 13:38:00,sec_event,feature,True,3756,stf_0242,13,False,False
cnt_20241021_005,2024-10-21 10:24:00,sec_deep,feature,True,1200,stf_0183,8,False,False
cnt_20241021_006,2024-10-21 13:42:00,sec_edu,news,False,532,stf_0248,15,False,False
cnt_20241021_007,2024-10-21 10:08:00,sec_deep,news,True,853,stf_0380,16,True,False
cnt_20241021_008,2024-10-21 15:47:00,sec_event,news,False,787,stf_0241,11,True,False
cnt_20241021_009,2024-10-21 08:24:00,sec_shop,news,False,1186,stf_0333,24,False,False
cnt_20241021_010,2024-10-21 16:24:00,sec_pod,podcast,False,5302,stf_0062,19,False,False
cnt_20241021_011,2024-10-21 19:02:00,sec_vid,video,False,1343,stf_0214,11,False,False
cnt_20241021_012,2024-10-21 12:18:00,sec_env,feature,True,3044,stf_0180,18,True,False
cnt_20241021_013,2024-10-21 16:14:00,sec_intl,feature,False,4231,stf_0010,17,False,False
cnt_20241021_014,2024-10-21 10:38:00,sec_soc,news,False,1004,stf_0448,9,False,False
cnt_20241021_015,2024-10-21 12:38:00,sec_fin,news,True,1152,stf_0334,22,False,False
cnt_20241021_016,2024-10-21 07:13:00,sec_pod,feature,True,3637,stf_0235,15,False,False
cnt_20241021_017,2024-10-21 10:28:00,sec_brand,news,False,848,stf_0299,14,False,False
cnt_20241021_018,2024-10-21 14:59:00,sec_edu,feature,False,3946,stf_0053,11,False,False
cnt_20241021_019,2024-10-21 16:30:00,sec_pol,news,False,236,stf_0063,12,True,False
cnt_20241021_020,2024-10-21 08:26:00,sec_sport,news,False,571,stf_0141,10,False,False
cnt_20241021_021,2024-10-21 16:13:00,sec_pod,podcast,False,5280,stf_0094,19,False,False
cnt_20241021_022,2024-10-21 17:23:00,sec_intl,news,False,537,stf_0287,10,False,False
cnt_20241021_023,2024-10-21 09:23:00,sec_opin,news,False,775,stf_0382,15,False,False
cnt_20241021_024,2024-10-21 14:06:00,sec_pol,news,False,784,stf_0203,17,True,False
cnt_20241021_025,2024-10-21 15:23:00,sec_edu,news,False,434,stf_0171,17,True,False
cnt_20241021_026,2024-10-21 18:12:00,sec_fin,feature,True,4954,stf_0334,14,False,False
cnt_20241021_027,2024-10-21 09:25:00,sec_soc,news,False,1018,stf_0441,17,False,False
cnt_20241021_028,2024-10-21 21:52:00,sec_vid,video,False,1119,stf_0022,9,False,False
cnt_20241021_029,2024-10-21 11:27:00,sec_pod,podcast,False,4616,stf_0105,20,True,False
cnt_20241021_030,2024-10-21 18:02:00,sec_brand,news,False,849,stf_0375,15,True,False
cnt_20241021_031,2024-10-21 11:12:00,sec_brand,news,False,566,stf_0162,15,False,False
cnt_20241021_032,2024-10-21 09:58:00,sec_pod,news,False,704,stf_0062,15,False,False
cnt_20241021_033,2024-10-21 11:19:00,sec_vid,news,False,813,stf_0243,17,False,False
cnt_20241021_034,2024-10-21 07:02:00,sec_deep,news,True,887,stf_0125,16,False,False
cnt_20241021_035,2024-10-21 13:17:00,sec_vid,news,False,722,stf_0427,13,False,False
cnt_20241021_036,2024-10-21 18:18:00,sec_tech,news,True,866,stf_0389,14,False,False
cnt_20241021_037,2024-10-21 13:09:00,sec_shop,feature,False,2832,stf_0277,15,True,False
cnt_20241021_038,2024-10-21 11:35:00,sec_pod,news,False,957,stf_0363,14,False,False
cnt_20241021_039,2024-10-21 15:04:00,sec_vid,news,False,843,stf_0179,13,True,False
cnt_20241021_040,2024-10-21 12:47:00,sec_deep,news,True,315,stf_0003,12,True,False
cnt_20241021_041,2024-10-21 08:55:00,sec_pod,news,False,552,stf_0454,16,False,False
cnt_20241021_042,2024-10-21 13:35:00,sec_opin,feature,False,2938,stf_0250,8,False,False
cnt_20241021_043,2024-10-21 14:41:00,sec_shop,feature,False,2602,stf_0421,20,False,False
cnt_20241021_044,2024-10-21 16:48:00,sec_fin,feature,True,3959,stf_0283,17,False,False
cnt_20241021_045,2024-10-21 08:47:00,sec_opin,news,False,1205,stf_0335,21,True,False
cnt_20241021_046,2024-10-21 15:59:00,sec_intl,news,False,900,stf_0314,15,True,False
cnt_20241021_047,2024-10-21 09:49:00,sec_life,news,False,824,stf_0397,15,False,False
cnt_20241021_048,2024-10-21 10:46:00,sec_soc,news,False,802,stf_0172,8,False,False
cnt_20241021_049,2024-10-21 12:40:00,sec_pol,news,False,992,stf_0313,8,False,False
cnt_20241021_050,2024-10-21 15:25:00,sec_brand,feature,False,3415,stf_0016,16,False,False
cnt_20241021_051,2024-10-21 09:26:00,sec_opin,news,False,438,stf_0052,12,False,False
cnt_20241022_001,2024-10-22 15:08:00,sec_sport,feature,False,2177,stf_0225,19,True,False
cnt_20241022_002,2024-10-22 09:09:00,sec_life,news,False,1145,stf_0093,13,False,False
cnt_20241022_003,2024-10-22 15:11:00,sec_shop,news,False,827,stf_0265,13,False,False
cnt_20241022_004,2024-10-22 17:52:00,sec_pod,feature,False,3267,stf_0226,19,True,False
cnt_20241022_005,2024-10-22 08:22:00,sec_deep,news,True,858,stf_0332,20,False,False
cnt_20241022_006,2024-10-22 14:55:00,sec_pod,news,False,883,stf_0062,21,False,False
cnt_20241022_007,2024-10-22 14:57:00,sec_soc,news,False,1084,stf_0008,8,False,False
cnt_20241022_008,2024-10-22 20:15:00,sec_vid,video,False,998,stf_0379,18,False,False
cnt_20241022_009,2024-10-22 13:26:00,sec_tech,news,True,805,stf_0307,12,False,False
cnt_20241022_010,2024-10-22 15:06:00,sec_pod,news,False,557,stf_0227,13,False,False
cnt_20241022_011,2024-10-22 19:34:00,sec_vid,feature,False,2161,stf_0068,22,True,False
cnt_20241022_012,2024-10-22 08:15:00,sec_short,news,False,746,stf_0025,11,True,False
cnt_20241022_013,2024-10-22 12:50:00,sec_fin,news,True,482,stf_0199,15,False,False
cnt_20241022_014,2024-10-22 22:20:00,sec_vid,video,False,733,stf_0001,15,False,False
cnt_20241022_015,2024-10-22 15:24:00,sec_shop,news,False,729,stf_0337,15,False,False
cnt_20241022_016,2024-10-22 13:36:00,sec_short,feature,True,2692,stf_0471,13,False,False
cnt_20241022_017,2024-10-22 09:20:00,sec_short,news,False,647,stf_0190,8,False,False
cnt_20241022_018,2024-10-22 13:18:00,sec_pod,podcast,False,4645,stf_0062,13,False,False
cnt_20241022_019,2024-10-22 18:29:00,sec_ent,news,False,694,stf_0204,20,False,False
cnt_20241022_020,2024-10-22 14:10:00,sec_pod,podcast,False,5508,stf_0055,8,False,False
cnt_20241022_021,2024-10-22 16:03:00,sec_pod,news,False,458,stf_0105,10,True,False
cnt_20241022_022,2024-10-22 12:22:00,sec_sport,news,False,675,stf_0480,11,False,False
cnt_20241022_023,2024-10-22 19:15:00,sec_vid,video,False,1038,stf_0396,13,False,False
cnt_20241022_024,2024-10-22 08:53:00,sec_event,news,False,825,stf_0241,16,False,False
cnt_20241022_025,2024-10-22 18:20:00,sec_ent,news,False,298,stf_0236,10,True,False
cnt_20241022_026,2024-10-22 08:52:00,sec_brand,news,False,951,stf_0309,14,False,False
cnt_20241022_027,2024-10-22 10:58:00,sec_ent,news,False,550,stf_0270,13,True,False
cnt_20241022_028,2024-10-22 14:29:00,sec_ent,feature,False,2562,stf_0204,16,False,False
cnt_20241022_029,2024-10-22 16:24:00,sec_brand,news,False,1045,stf_0329,14,False,False
cnt_20241022_030,2024-10-22 09:24:00,sec_vid,news,False,699,stf_0427,23,False,False
cnt_20241022_031,2024-10-22 10:25:00,sec_env,news,True,927,stf_0440,15,False,False
cnt_20241022_032,2024-10-22 12:41:00,sec_pod,podcast,False,6948,stf_0105,22,False,False
cnt_20241022_033,2024-10-22 18:33:00,sec_vid,video,False,348,stf_0214,19,False,False
cnt_20241022_034,2024-10-22 14:27:00,sec_fin,news,True,522,stf_0358,8,False,False
cnt_20241022_035,2024-10-22 14:19:00,sec_life,news,False,1745,stf_0047,10,False,False
cnt_20241022_036,2024-10-22 15:56:00,sec_life,news,False,1221,stf_0361,11,True,False
cnt_20241022_037,2024-10-22 07:53:00,sec_pod,podcast,False,2844,stf_0344,15,True,False
cnt_20241022_038,2024-10-22 17:19:00,sec_vid,news,False,607,stf_0022,19,True,False
cnt_20241022_039,2024-10-22 12:24:00,sec_intl,news,False,1075,stf_0314,23,True,False
cnt_20241023_001,2024-10-23 17:58:00,sec_deep,news,True,563,stf_0125,12,False,False
cnt_20241023_002,2024-10-23 17:57:00,sec_pod,podcast,False,5348,stf_0235,14,False,False
cnt_20241023_003,2024-10-23 16:04:00,sec_sport,feature,True,2777,stf_0160,12,True,False
cnt_20241023_004,2024-10-23 10:44:00,sec_shop,feature,False,3238,stf_0337,16,False,False
cnt_20241023_005,2024-10-23 11:32:00,sec_event,news,False,778,stf_0315,15,False,False
cnt_20241023_006,2024-10-23 08:24:00,sec_pod,podcast,False,5229,stf_0235,11,False,False
cnt_20241023_007,2024-10-23 17:01:00,sec_sport,news,False,914,stf_0160,12,False,False
cnt_20241023_008,2024-10-23 10:09:00,sec_deep,feature,True,2945,stf_0113,15,False,False
cnt_20241023_009,2024-10-23 19:09:00,sec_pod,news,False,837,stf_0454,8,False,False
cnt_20241023_010,2024-10-23 17:34:00,sec_sport,news,False,877,stf_0205,16,False,False
cnt_20241023_011,2024-10-23 17:38:00,sec_tech,feature,True,3970,stf_0452,8,False,False
cnt_20241023_012,2024-10-23 14:02:00,sec_edu,news,False,683,stf_0327,11,False,False
cnt_20241023_013,2024-10-23 19:39:00,sec_opin,news,False,1100,stf_0394,15,False,False
cnt_20241023_014,2024-10-23 14:00:00,sec_sport,news,False,609,stf_0233,18,True,False
cnt_20241023_015,2024-10-23 11:58:00,sec_pod,podcast,False,3684,stf_0357,15,False,False
cnt_20241023_016,2024-10-23 07:33:00,sec_event,news,False,571,stf_0468,16,False,False
cnt_20241023_017,2024-10-23 16:52:00,sec_pod,podcast,False,5189,stf_0105,9,False,False
cnt_20241023_018,2024-10-23 08:29:00,sec_short,news,False,1041,stf_0027,10,True,False
cnt_20241023_019,2024-10-23 13:19:00,sec_pol,feature,True,2151,stf_0026,17,False,False
cnt_20241023_020,2024-10-23 18:07:00,sec_env,news,True,653,stf_0039,17,False,False
cnt_20241023_021,2024-10-23 11:35:00,sec_shop,news,False,500,stf_0045,15,True,False
cnt_20241023_022,2024-10-23 12:18:00,sec_soc,news,False,850,stf_0211,18,True,False
cnt_20241023_023,2024-10-23 20:53:00,sec_vid,video,False,971,stf_0234,12,False,False
cnt_20241023_024,2024-10-23 19:02:00,sec_vid,video,False,1302,stf_0234,20,True,False
cnt_20241023_025,2024-10-23 14:55:00,sec_brand,feature,False,2681,stf_0365,15,True,False
cnt_20241023_026,2024-10-23 16:41:00,sec_pod,podcast,False,5566,stf_0426,10,True,False
cnt_20241023_027,2024-10-23 07:16:00,sec_opin,news,False,809,stf_0378,17,True,False
cnt_20241023_028,2024-10-23 19:11:00,sec_opin,news,False,587,stf_0382,13,False,False
cnt_20241023_029,2024-10-23 08:58:00,sec_env,news,True,777,stf_0168,8,False,False
cnt_20241023_030,2024-10-23 11:17:00,sec_tech,news,True,848,stf_0213,17,True,False
cnt_20241023_031,2024-10-23 15:04:00,sec_edu,feature,False,2880,stf_0189,23,False,False
cnt_20241023_032,2024-10-23 18:04:00,sec_tech,news,True,817,stf_0198,14,True,False
cnt_20241023_033,2024-10-23 07:34:00,sec_soc,news,False,556,stf_0011,14,False,False
cnt_20241023_034,2024-10-23 12:41:00,sec_soc,news,False,931,stf_0178,23,False,False
cnt_20241023_035,2024-10-23 17:06:00,sec_env,news,True,506,stf_0384,10,False,False
cnt_20241023_036,2024-10-23 10:07:00,sec_shop,news,False,867,stf_0265,20,False,False
cnt_20241023_037,2024-10-23 15:13:00,sec_ent,news,False,597,stf_0352,15,False,False
cnt_20241023_038,2024-10-23 16:54:00,sec_brand,news,False,779,stf_0266,9,False,False
cnt_20241023_039,2024-10-23 10:52:00,sec_pod,news,False,846,stf_0235,21,False,False
cnt_20241023_040,2024-10-23 08:16:00,sec_pod,podcast,False,7424,stf_0238,9,False,False
cnt_20241023_041,2024-10-23 10:31:00,sec_short,news,False,617,stf_0025,17,False,False
cnt_20241023_042,2024-10-23 15:10:00,sec_sport,news,False,363,stf_0414,12,False,False
cnt_20241024_001,2024-10-24 17:55:00,sec_sport,news,False,572,stf_0439,19,True,False
cnt_20241024_002,2024-10-24 09:51:00,sec_fin,news,True,604,stf_0358,13,False,False
cnt_20241024_003,2024-10-24 16:18:00,sec_pod,podcast,False,5540,stf_0129,12,True,False
cnt_20241024_004,2024-10-24 09:03:00,sec_soc,news,False,751,stf_0441,16,True,False
cnt_20241024_005,2024-10-24 09:53:00,sec_brand,news,False,857,stf_0309,12,False,False
cnt_20241024_006,2024-10-24 22:37:00,sec_vid,video,False,1064,stf_0234,14,False,False
cnt_20241024_007,2024-10-24 15:49:00,sec_sport,news,False,793,stf_0222,15,False,False
cnt_20241024_008,2024-10-24 10:24:00,sec_event,news,False,848,stf_0293,18,True,False
cnt_20241024_009,2024-10-24 13:37:00,sec_sport,news,False,471,stf_0300,18,True,False
cnt_20241024_010,2024-10-24 07:57:00,sec_edu,news,False,690,stf_0098,16,False,False
cnt_20241024_011,2024-10-24 08:49:00,sec_pod,podcast,False,8024,stf_0216,14,True,False
cnt_20241024_012,2024-10-24 20:31:00,sec_vid,video,False,601,stf_0179,18,False,False
cnt_20241024_013,2024-10-24 07:31:00,sec_edu,news,False,796,stf_0189,20,False,False
cnt_20241024_014,2024-10-24 15:21:00,sec_deep,news,True,803,stf_0164,18,False,False
cnt_20241024_015,2024-10-24 14:20:00,sec_edu,news,False,515,stf_0018,18,True,False
cnt_20241024_016,2024-10-24 09:50:00,sec_opin,news,False,728,stf_0331,11,False,False
cnt_20241024_017,2024-10-24 13:29:00,sec_short,feature,True,2257,stf_0364,13,False,False
cnt_20241024_018,2024-10-24 11:47:00,sec_env,news,True,758,stf_0264,10,True,False
cnt_20241024_019,2024-10-24 22:36:00,sec_vid,video,False,1129,stf_0083,12,False,False
cnt_20241024_020,2024-10-24 18:52:00,sec_vid,video,False,1109,stf_0083,12,True,False
cnt_20241024_021,2024-10-24 13:48:00,sec_opin,news,False,758,stf_0020,17,False,False
cnt_20241024_022,2024-10-24 14:12:00,sec_env,news,True,220,stf_0384,16,True,False
cnt_20241024_023,2024-10-24 13:51:00,sec_fin,feature,True,1882,stf_0472,15,False,False
cnt_20241024_024,2024-10-24 12:36:00,sec_pol,news,False,613,stf_0065,14,False,False
cnt_20241024_025,2024-10-24 13:23:00,sec_vid,news,False,851,stf_0243,13,False,False
cnt_20241024_026,2024-10-24 07:22:00,sec_event,news,False,983,stf_0241,9,False,False
cnt_20241024_027,2024-10-24 19:04:00,sec_deep,news,True,923,stf_0164,21,True,False
cnt_20241024_028,2024-10-24 07:49:00,sec_sport,news,False,786,stf_0414,17,False,False
cnt_20241024_029,2024-10-24 16:49:00,sec_soc,news,False,981,stf_0448,15,False,False
cnt_20241024_030,2024-10-24 15:39:00,sec_shop,feature,True,3706,stf_0277,13,False,False
cnt_20241024_031,2024-10-24 15:10:00,sec_tech,news,True,889,stf_0302,20,False,False
cnt_20241024_032,2024-10-24 22:03:00,sec_vid,video,False,851,stf_0433,14,False,False
cnt_20241024_033,2024-10-24 18:23:00,sec_vid,video,False,953,stf_0001,13,False,True
cnt_20241024_034,2024-10-24 19:54:00,sec_deep,news,True,1377,stf_0343,12,False,False
cnt_20241024_035,2024-10-24 13:11:00,sec_pol,news,False,466,stf_0079,11,False,False
cnt_20241024_036,2024-10-24 14:16:00,sec_life,news,False,998,stf_0434,8,False,False
cnt_20241024_037,2024-10-24 09:16:00,sec_sport,news,False,1117,stf_0071,11,False,False
cnt_20241024_038,2024-10-24 15:32:00,sec_env,news,True,793,stf_0395,9,False,False
cnt_20241024_039,2024-10-24 11:07:00,sec_short,news,False,816,stf_0318,14,True,False
cnt_20241024_040,2024-10-24 11:24:00,sec_pol,news,False,641,stf_0313,21,True,False
cnt_20241024_041,2024-10-24 19:48:00,sec_env,news,True,657,stf_0180,15,False,False
cnt_20241024_042,2024-10-24 07:05:00,sec_pod,podcast,False,8718,stf_0326,14,False,False
cnt_20241024_043,2024-10-24 09:39:00,sec_shop,news,False,417,stf_0119,17,False,False
cnt_20241024_044,2024-10-24 15:37:00,sec_brand,feature,False,2501,stf_0162,13,False,False
cnt_20241024_045,2024-10-24 08:43:00,sec_fin,news,True,985,stf_0161,16,True,False
cnt_20241024_046,2024-10-24 09:56:00,sec_event,news,False,668,stf_0416,15,True,False
cnt_20241024_047,2024-10-24 17:59:00,sec_deep,news,True,835,stf_0304,8,False,False
cnt_20241024_048,2024-10-24 19:52:00,sec_pod,podcast,False,5403,stf_0062,13,False,False
cnt_20241024_049,2024-10-24 08:36:00,sec_sport,news,False,904,stf_0233,17,False,False
cnt_20241024_050,2024-10-24 13:13:00,sec_vid,news,False,273,stf_0106,16,False,False
cnt_20241024_051,2024-10-24 18:13:00,sec_sport,news,False,854,stf_0107,15,False,False
cnt_20241025_001,2024-10-25 18:15:00,sec_short,news,False,881,stf_0372,8,False,False
cnt_20241025_002,2024-10-25 09:15:00,sec_pod,podcast,False,3463,stf_0076,20,True,False
cnt_20241025_003,2024-10-25 18:56:00,sec_vid,video,False,954,stf_0068,13,True,False
cnt_20241025_004,2024-10-25 16:55:00,sec_tech,news,True,232,stf_0450,17,False,False
cnt_20241025_005,2024-10-25 09:37:00,sec_deep,news,True,652,stf_0153,14,True,False
cnt_20241025_006,2024-10-25 14:10:00,sec_short,news,False,732,stf_0402,14,False,False
cnt_20241025_007,2024-10-25 09:54:00,sec_ent,news,False,649,stf_0270,15,False,False
cnt_20241025_008,2024-10-25 18:10:00,sec_pod,podcast,False,6032,stf_0344,11,False,False
cnt_20241025_009,2024-10-25 11:33:00,sec_opin,news,False,825,stf_0282,13,False,False
cnt_20241025_010,2024-10-25 18:39:00,sec_vid,video,False,671,stf_0427,17,False,False
cnt_20241025_011,2024-10-25 19:43:00,sec_vid,video,False,784,stf_0001,13,True,False
cnt_20241025_012,2024-10-25 16:17:00,sec_brand,feature,False,4399,stf_0252,21,False,False
cnt_20241025_013,2024-10-25 13:45:00,sec_shop,news,False,837,stf_0347,19,True,False
cnt_20241025_014,2024-10-25 15:53:00,sec_short,news,False,702,stf_0027,14,True,False
cnt_20241025_015,2024-10-25 17:56:00,sec_short,news,False,611,stf_0318,10,False,False
cnt_20241025_016,2024-10-25 13:14:00,sec_tech,news,True,920,stf_0307,10,False,False
cnt_20241025_017,2024-10-25 11:43:00,sec_edu,news,False,589,stf_0023,15,False,False
cnt_20241025_018,2024-10-25 08:16:00,sec_edu,news,False,739,stf_0267,15,False,False
cnt_20241025_019,2024-10-25 19:49:00,sec_vid,video,False,1013,stf_0423,17,True,False
cnt_20241025_020,2024-10-25 18:59:00,sec_opin,news,False,575,stf_0394,11,False,False
cnt_20241025_021,2024-10-25 10:23:00,sec_env,news,True,785,stf_0368,14,False,False
cnt_20241025_022,2024-10-25 11:14:00,sec_opin,news,False,516,stf_0432,16,False,False
cnt_20241025_023,2024-10-25 08:26:00,sec_opin,news,False,220,stf_0382,8,False,False
cnt_20241025_024,2024-10-25 07:29:00,sec_event,news,False,796,stf_0254,14,False,False
cnt_20241025_025,2024-10-25 13:14:00,sec_pod,podcast,False,4283,stf_0273,18,True,False
cnt_20241025_026,2024-10-25 07:51:00,sec_event,news,False,652,stf_0468,17,True,False
cnt_20241025_027,2024-10-25 15:09:00,sec_ent,news,False,1159,stf_0204,13,False,False
cnt_20241025_028,2024-10-25 11:30:00,sec_intl,news,False,611,stf_0223,15,False,False
cnt_20241025_029,2024-10-25 17:18:00,sec_edu,feature,True,5115,stf_0206,15,True,False
cnt_20241025_030,2024-10-25 18:47:00,sec_event,news,False,725,stf_0455,17,False,False
cnt_20241025_031,2024-10-25 20:34:00,sec_vid,video,False,1577,stf_0215,14,True,False
cnt_20241025_032,2024-10-25 17:15:00,sec_tech,news,True,984,stf_0430,11,True,False
cnt_20241025_033,2024-10-25 09:13:00,sec_vid,news,False,454,stf_0001,8,False,False
cnt_20241025_034,2024-10-25 14:43:00,sec_vid,feature,True,3871,stf_0396,10,True,False
cnt_20241025_035,2024-10-25 17:18:00,sec_fin,news,True,728,stf_0464,12,False,False
cnt_20241025_036,2024-10-25 07:22:00,sec_ent,news,False,725,stf_0058,17,False,False
cnt_20241025_037,2024-10-25 17:24:00,sec_intl,feature,False,4001,stf_0200,10,True,False
cnt_20241025_038,2024-10-25 11:03:00,sec_short,news,False,908,stf_0244,16,True,False
cnt_20241025_039,2024-10-25 13:23:00,sec_life,news,False,915,stf_0390,16,False,False
cnt_20241025_040,2024-10-25 11:33:00,sec_sport,news,False,870,stf_0398,11,True,False
cnt_20241025_041,2024-10-25 14:13:00,sec_pol,news,False,828,stf_0374,13,True,False
cnt_20241025_042,2024-10-25 19:29:00,sec_pod,podcast,False,6332,stf_0454,11,False,False
cnt_20241025_043,2024-10-25 17:44:00,sec_tech,news,True,453,stf_0145,17,False,False
cnt_20241025_044,2024-10-25 18:37:00,sec_vid,video,False,845,stf_0321,8,False,False
cnt_20241025_045,2024-10-25 14:03:00,sec_tech,news,True,447,stf_0132,12,False,False
cnt_20241025_046,2024-10-25 08:50:00,sec_brand,news,False,380,stf_0258,18,False,False
cnt_20241025_047,2024-10-25 11:14:00,sec_intl,feature,False,4046,stf_0223,18,True,False
cnt_20241025_048,2024-10-25 10:24:00,sec_brand,news,False,929,stf_0258,21,True,False
cnt_20241025_049,2024-10-25 18:33:00,sec_short,feature,False,3643,stf_0077,17,True,False
cnt_20241025_050,2024-10-25 07:08:00,sec_sport,news,False,315,stf_0330,13,False,False
cnt_20241025_051,2024-10-25 15:11:00,sec_life,news,False,820,stf_0397,21,True,False
cnt_20241025_052,2024-10-25 22:59:00,sec_vid,video,False,1009,stf_0088,13,False,False
cnt_20241025_053,2024-10-25 16:00:00,sec_life,news,False,825,stf_0202,22,True,False
cnt_20241025_054,2024-10-25 09:39:00,sec_vid,news,False,602,stf_0234,14,False,False
cnt_20241025_055,2024-10-25 17:19:00,sec_vid,news,False,961,stf_0214,13,True,False
cnt_20241025_056,2024-10-25 14:52:00,sec_edu,news,False,238,stf_0460,13,False,False
cnt_20241025_057,2024-10-25 08:46:00,sec_fin,news,True,492,stf_0122,15,False,False
cnt_20241025_058,2024-10-25 11:10:00,sec_short,news,False,327,stf_0025,14,False,False
cnt_20241025_059,2024-10-25 20:25:00,sec_vid,video,False,1001,stf_0060,18,False,False
cnt_20241025_060,2024-10-25 13:04:00,sec_opin,news,False,1059,stf_0124,13,False,False
cnt_20241026_001,2024-10-26 08:33:00,sec_vid,news,False,246,stf_0379,14,False,False
cnt_20241026_002,2024-10-26 09:12:00,sec_vid,news,False,879,stf_0036,14,False,False
cnt_20241026_003,2024-10-26 11:15:00,sec_edu,news,False,792,stf_0248,13,False,False
cnt_20241026_004,2024-10-26 14:53:00,sec_opin,news,False,799,stf_0432,8,False,False
cnt_20241026_005,2024-10-26 12:33:00,sec_ent,feature,False,2168,stf_0070,19,False,False
cnt_20241026_006,2024-10-26 17:43:00,sec_pod,podcast,False,6027,stf_0381,15,True,False
cnt_20241026_007,2024-10-26 07:08:00,sec_soc,news,False,343,stf_0441,12,False,False
cnt_20241026_008,2024-10-26 12:43:00,sec_soc,news,False,985,stf_0360,13,True,False
cnt_20241026_009,2024-10-26 19:36:00,sec_vid,video,False,1040,stf_0165,21,True,False
cnt_20241026_010,2024-10-26 18:43:00,sec_opin,news,False,220,stf_0208,16,False,False
cnt_20241026_011,2024-10-26 12:18:00,sec_intl,news,False,1024,stf_0112,11,False,False
cnt_20241026_012,2024-10-26 13:44:00,sec_pod,news,False,978,stf_0226,14,False,False
cnt_20241026_013,2024-10-26 15:50:00,sec_intl,news,False,1089,stf_0159,10,False,False
cnt_20241026_014,2024-10-26 14:28:00,sec_ent,news,False,697,stf_0143,17,False,False
cnt_20241026_015,2024-10-26 18:59:00,sec_fin,news,True,601,stf_0013,15,True,False
cnt_20241026_016,2024-10-26 17:14:00,sec_tech,news,True,1053,stf_0271,9,False,False
cnt_20241026_017,2024-10-26 15:26:00,sec_event,news,False,849,stf_0082,24,True,False
cnt_20241026_018,2024-10-26 17:34:00,sec_soc,news,False,798,stf_0012,11,False,False
cnt_20241026_019,2024-10-26 09:57:00,sec_intl,news,False,334,stf_0200,13,True,False
cnt_20241026_020,2024-10-26 19:29:00,sec_pod,news,False,771,stf_0076,16,False,False
cnt_20241026_021,2024-10-26 10:45:00,sec_opin,news,False,868,stf_0155,21,True,False
cnt_20241026_022,2024-10-26 19:35:00,sec_pod,podcast,False,5855,stf_0062,8,False,False
cnt_20241026_023,2024-10-26 18:05:00,sec_vid,video,False,921,stf_0001,14,False,False
cnt_20241026_024,2024-10-26 20:53:00,sec_vid,video,False,1373,stf_0321,10,False,False
cnt_20241026_025,2024-10-26 22:55:00,sec_vid,video,False,1137,stf_0224,16,False,False
cnt_20241026_026,2024-10-26 18:54:00,sec_pod,podcast,False,5767,stf_0216,15,False,False
cnt_20241026_027,2024-10-26 19:48:00,sec_tech,news,True,801,stf_0218,10,True,False
cnt_20241026_028,2024-10-26 10:36:00,sec_pod,podcast,False,6572,stf_0216,8,False,False
cnt_20241026_029,2024-10-26 21:16:00,sec_vid,video,False,827,stf_0215,23,False,False
cnt_20241026_030,2024-10-26 10:33:00,sec_vid,news,False,1092,stf_0379,18,False,False
cnt_20241026_031,2024-10-26 08:57:00,sec_ent,news,False,1071,stf_0270,15,False,False
cnt_20241026_032,2024-10-26 07:14:00,sec_pod,podcast,False,5218,stf_0444,17,True,False
cnt_20241026_033,2024-10-26 10:41:00,sec_opin,news,False,1012,stf_0282,12,True,False
cnt_20241026_034,2024-10-26 13:42:00,sec_edu,news,False,500,stf_0460,15,False,False
cnt_20241026_035,2024-10-26 20:19:00,sec_vid,video,False,768,stf_0123,17,False,False
cnt_20241026_036,2024-10-26 12:41:00,sec_soc,news,False,707,stf_0371,16,False,False
cnt_20241026_037,2024-10-26 12:10:00,sec_pod,podcast,False,4441,stf_0401,16,False,False
cnt_20241026_038,2024-10-26 07:06:00,sec_intl,news,False,1017,stf_0449,20,True,False
cnt_20241026_039,2024-10-26 09:38:00,sec_shop,feature,False,1848,stf_0462,16,False,False
cnt_20241026_040,2024-10-26 08:48:00,sec_pod,news,False,885,stf_0105,22,False,False
cnt_20241026_041,2024-10-26 19:17:00,sec_event,news,False,677,stf_0468,10,False,False
cnt_20241027_001,2024-10-27 14:19:00,sec_soc,news,False,703,stf_0061,14,False,False
cnt_20241027_002,2024-10-27 16:10:00,sec_brand,news,False,848,stf_0329,25,False,False
cnt_20241027_003,2024-10-27 12:36:00,sec_deep,news,True,476,stf_0312,14,True,False
cnt_20241027_004,2024-10-27 16:10:00,sec_vid,feature,False,3488,stf_0179,10,False,False
cnt_20241027_005,2024-10-27 10:09:00,sec_fin,news,True,1030,stf_0085,18,False,False
cnt_20241027_006,2024-10-27 09:02:00,sec_fin,news,True,782,stf_0298,11,False,False
cnt_20241027_007,2024-10-27 19:33:00,sec_vid,news,False,684,stf_0001,18,False,False
cnt_20241027_008,2024-10-27 14:59:00,sec_env,news,True,1171,stf_0180,19,False,False
cnt_20241027_009,2024-10-27 19:40:00,sec_intl,news,False,855,stf_0223,17,True,False
cnt_20241027_010,2024-10-27 12:45:00,sec_pod,podcast,False,2852,stf_0062,18,False,False
cnt_20241027_011,2024-10-27 22:03:00,sec_vid,video,False,616,stf_0433,17,False,False
cnt_20241027_012,2024-10-27 18:40:00,sec_edu,news,False,530,stf_0120,11,False,False
cnt_20241027_013,2024-10-27 12:17:00,sec_deep,news,True,505,stf_0174,11,False,True
cnt_20241027_014,2024-10-27 13:57:00,sec_pod,podcast,False,6326,stf_0426,18,False,False
cnt_20241027_015,2024-10-27 10:52:00,sec_shop,news,False,864,stf_0373,16,False,False
cnt_20241027_016,2024-10-27 09:34:00,sec_intl,news,False,1137,stf_0200,10,True,False
cnt_20241027_017,2024-10-27 21:07:00,sec_vid,video,False,342,stf_0001,18,False,False
cnt_20241027_018,2024-10-27 08:43:00,sec_env,news,True,493,stf_0096,17,False,False
cnt_20241027_019,2024-10-27 14:15:00,sec_intl,news,False,1118,stf_0010,16,False,False
cnt_20241027_020,2024-10-27 18:02:00,sec_vid,video,False,742,stf_0179,18,True,False
cnt_20241027_021,2024-10-27 17:53:00,sec_intl,feature,False,3258,stf_0010,20,True,False
cnt_20241027_022,2024-10-27 19:15:00,sec_opin,news,False,617,stf_0006,9,False,False
cnt_20241027_023,2024-10-27 14:46:00,sec_deep,feature,True,3727,stf_0192,10,False,False
cnt_20241027_024,2024-10-27 17:32:00,sec_shop,news,False,765,stf_0373,8,False,False
cnt_20241027_025,2024-10-27 07:37:00,sec_event,news,False,776,stf_0391,19,False,False
cnt_20241027_026,2024-10-27 19:57:00,sec_short,news,False,540,stf_0342,16,False,False
cnt_20241027_027,2024-10-27 07:01:00,sec_short,news,False,1192,stf_0190,10,False,False
cnt_20241027_028,2024-10-27 21:52:00,sec_vid,video,False,903,stf_0379,14,False,False
cnt_20241027_029,2024-10-27 11:48:00,sec_pod,podcast,False,6311,stf_0444,10,True,False
cnt_20241027_030,2024-10-27 09:43:00,sec_env,news,True,774,stf_0151,12,False,False
cnt_20241027_031,2024-10-27 08:08:00,sec_pod,news,False,1008,stf_0261,11,True,False
cnt_20241027_032,2024-10-27 09:41:00,sec_pod,podcast,False,4551,stf_0381,19,False,False
cnt_20241027_033,2024-10-27 18:57:00,sec_fin,news,True,638,stf_0137,13,False,False
cnt_20241027_034,2024-10-27 12:55:00,sec_opin,feature,True,4748,stf_0020,17,False,False
cnt_20241027_035,2024-10-27 12:30:00,sec_tech,news,True,557,stf_0438,18,False,False
cnt_20241027_036,2024-10-27 12:46:00,sec_intl,news,False,963,stf_0449,14,False,False
cnt_20241027_037,2024-10-27 10:27:00,sec_pod,podcast,False,8063,stf_0401,18,True,False
cnt_20241027_038,2024-10-27 16:47:00,sec_intl,news,False,603,stf_0014,14,False,False
cnt_20241027_039,2024-10-27 11:46:00,sec_life,news,False,902,stf_0163,13,False,False
cnt_20241028_001,2024-10-28 12:10:00,sec_pol,news,False,749,stf_0131,15,False,False
cnt_20241028_002,2024-10-28 11:21:00,sec_deep,news,True,791,stf_0089,16,False,False
cnt_20241028_003,2024-10-28 12:13:00,sec_pod,podcast,False,4814,stf_0426,8,False,False
cnt_20241028_004,2024-10-28 19:57:00,sec_sport,feature,False,1200,stf_0439,13,False,False
cnt_20241028_005,2024-10-28 17:48:00,sec_tech,news,True,927,stf_0197,13,False,False
cnt_20241028_006,2024-10-28 14:01:00,sec_pod,news,False,702,stf_0444,16,True,False
cnt_20241028_007,2024-10-28 21:44:00,sec_vid,video,False,1186,stf_0321,15,False,False
cnt_20241028_008,2024-10-28 12:10:00,sec_pod,podcast,False,6408,stf_0062,14,False,False
cnt_20241028_009,2024-10-28 08:22:00,sec_life,news,False,785,stf_0280,18,False,False
cnt_20241028_010,2024-10-28 12:50:00,sec_event,news,False,783,stf_0468,14,False,False
cnt_20241028_011,2024-10-28 10:46:00,sec_event,news,False,459,stf_0242,12,False,False
cnt_20241028_012,2024-10-28 19:55:00,sec_short,feature,True,2961,stf_0471,12,False,False
cnt_20241028_013,2024-10-28 12:44:00,sec_edu,feature,False,1200,stf_0023,19,False,False
cnt_20241028_014,2024-10-28 12:34:00,sec_soc,news,False,592,stf_0262,23,False,False
cnt_20241028_015,2024-10-28 14:20:00,sec_sport,feature,True,2826,stf_0141,16,True,False
cnt_20241028_016,2024-10-28 17:56:00,sec_fin,news,True,738,stf_0033,8,False,False
cnt_20241028_017,2024-10-28 09:35:00,sec_brand,feature,False,2075,stf_0275,14,False,False
cnt_20241028_018,2024-10-28 18:14:00,sec_ent,news,False,652,stf_0058,13,False,False
cnt_20241028_019,2024-10-28 19:49:00,sec_pod,news,False,673,stf_0129,17,False,False
cnt_20241028_020,2024-10-28 07:22:00,sec_sport,feature,True,3728,stf_0071,13,False,False
cnt_20241028_021,2024-10-28 13:09:00,sec_life,news,False,976,stf_0246,16,False,False
cnt_20241028_022,2024-10-28 12:44:00,sec_short,news,False,654,stf_0244,18,True,False
cnt_20241028_023,2024-10-28 15:35:00,sec_env,news,True,350,stf_0039,15,False,False
cnt_20241028_024,2024-10-28 21:11:00,sec_vid,video,False,1184,stf_0478,26,True,False
cnt_20241028_025,2024-10-28 09:24:00,sec_sport,news,False,693,stf_0107,12,True,False
cnt_20241028_026,2024-10-28 08:30:00,sec_short,news,False,861,stf_0190,13,False,False
cnt_20241028_027,2024-10-28 08:46:00,sec_edu,news,False,754,stf_0460,20,False,False
cnt_20241028_028,2024-10-28 14:35:00,sec_vid,news,False,784,stf_0001,8,False,False
cnt_20241028_029,2024-10-28 21:04:00,sec_vid,video,False,1504,stf_0179,8,False,False
cnt_20241028_030,2024-10-28 18:18:00,sec_short,news,False,1108,stf_0244,15,False,False
cnt_20241028_031,2024-10-28 15:50:00,sec_pod,podcast,False,6091,stf_0401,22,True,False
cnt_20241028_032,2024-10-28 19:56:00,sec_vid,feature,True,3364,stf_0179,14,False,False
cnt_20241028_033,2024-10-28 16:18:00,sec_soc,news,False,220,stf_0441,12,False,False
cnt_20241028_034,2024-10-28 10:16:00,sec_sport,news,False,1119,stf_0219,17,False,False
cnt_20241028_035,2024-10-28 11:19:00,sec_pod,feature,False,1976,stf_0444,18,False,False
cnt_20241028_036,2024-10-28 17:37:00,sec_short,news,False,943,stf_0025,16,False,False
cnt_20241028_037,2024-10-28 07:15:00,sec_soc,news,False,638,stf_0138,16,False,False
cnt_20241028_038,2024-10-28 18:31:00,sec_brand,feature,False,3541,stf_0258,18,False,False
cnt_20241028_039,2024-10-28 07:37:00,sec_env,news,True,890,stf_0411,13,False,False
cnt_20241028_040,2024-10-28 12:57:00,sec_intl,news,False,902,stf_0263,10,False,False
cnt_20241028_041,2024-10-28 18:28:00,sec_vid,video,False,929,stf_0224,25,True,False
cnt_20241028_042,2024-10-28 16:01:00,sec_pod,podcast,False,4471,stf_0401,24,True,False
cnt_20241028_043,2024-10-28 10:14:00,sec_tech,news,True,736,stf_0389,14,False,False
cnt_20241028_044,2024-10-28 19:14:00,sec_vid,video,False,820,stf_0186,19,False,False
cnt_20241028_045,2024-10-28 07:08:00,sec_shop,news,False,505,stf_0121,13,False,False
cnt_20241028_046,2024-10-28 07:55:00,sec_pol,news,False,985,stf_0065,12,False,False
cnt_20241028_047,2024-10-28 16:27:00,sec_shop,news,False,848,stf_0121,12,False,False
cnt_20241028_048,2024-10-28 12:09:00,sec_short,news,False,840,stf_0152,16,True,False
cnt_20241028_049,2024-10-28 11:32:00,sec_pod,news,False,1094,stf_0444,9,False,False
cnt_20241028_050,2024-10-28 17:46:00,sec_env,feature,True,2684,stf_0096,9,False,True
cnt_20241028_051,2024-10-28 18:15:00,sec_vid,video,False,300,stf_0123,13,False,False
cnt_20241028_052,2024-10-28 07:16:00,sec_opin,news,False,574,stf_0155,18,False,False
cnt_20241028_053,2024-10-28 11:36:00,sec_fin,feature,True,3666,stf_0296,12,False,False
cnt_20241028_054,2024-10-28 09:38:00,sec_fin,news,True,633,stf_0013,18,True,False
cnt_20241029_001,2024-10-29 10:33:00,sec_life,news,False,220,stf_0167,15,False,False
cnt_20241029_002,2024-10-29 17:24:00,sec_ent,feature,True,3367,stf_0270,20,True,False
cnt_20241029_003,2024-10-29 14:10:00,sec_brand,news,False,538,stf_0309,14,False,False
cnt_20241029_004,2024-10-29 15:41:00,sec_vid,news,False,784,stf_0427,15,False,False
cnt_20241029_005,2024-10-29 17:46:00,sec_shop,news,False,880,stf_0421,16,False,False
cnt_20241029_006,2024-10-29 13:00:00,sec_vid,news,False,809,stf_0001,13,False,False
cnt_20241029_007,2024-10-29 19:17:00,sec_tech,feature,True,2714,stf_0354,20,True,False
cnt_20241029_008,2024-10-29 10:45:00,sec_shop,news,False,1050,stf_0144,12,False,False
cnt_20241029_009,2024-10-29 10:22:00,sec_pod,feature,False,3664,stf_0381,17,False,False
cnt_20241029_010,2024-10-29 08:43:00,sec_intl,news,False,583,stf_0200,14,False,False
cnt_20241029_011,2024-10-29 17:36:00,sec_pod,news,False,703,stf_0466,19,False,False
cnt_20241029_012,2024-10-29 14:26:00,sec_pol,news,False,975,stf_0203,15,False,False
cnt_20241029_013,2024-10-29 17:47:00,sec_ent,news,False,658,stf_0015,16,False,False
cnt_20241029_014,2024-10-29 10:49:00,sec_pod,podcast,False,2998,stf_0105,16,False,False
cnt_20241029_015,2024-10-29 10:46:00,sec_life,feature,True,2947,stf_0212,11,False,False
cnt_20241029_016,2024-10-29 14:35:00,sec_brand,news,False,632,stf_0073,8,False,False
cnt_20241029_017,2024-10-29 21:11:00,sec_vid,video,False,1071,stf_0088,13,False,False
cnt_20241029_018,2024-10-29 10:01:00,sec_shop,news,False,541,stf_0458,10,False,False
cnt_20241029_019,2024-10-29 07:51:00,sec_brand,news,False,968,stf_0127,15,False,False
cnt_20241029_020,2024-10-29 19:32:00,sec_vid,video,False,683,stf_0396,18,False,False
cnt_20241029_021,2024-10-29 11:41:00,sec_life,feature,True,2771,stf_0007,10,False,False
cnt_20241029_022,2024-10-29 13:28:00,sec_sport,news,False,481,stf_0330,21,False,False
cnt_20241029_023,2024-10-29 21:03:00,sec_vid,video,False,1556,stf_0088,16,False,False
cnt_20241029_024,2024-10-29 19:07:00,sec_ent,feature,False,2789,stf_0175,14,True,False
cnt_20241029_025,2024-10-29 08:58:00,sec_soc,news,False,1000,stf_0400,19,True,False
cnt_20241029_026,2024-10-29 11:07:00,sec_pod,news,False,516,stf_0226,18,True,False
cnt_20241029_027,2024-10-29 07:30:00,sec_life,news,False,696,stf_0435,17,True,False
cnt_20241029_028,2024-10-29 17:47:00,sec_pol,feature,False,4106,stf_0109,14,False,False
cnt_20241029_029,2024-10-29 20:17:00,sec_vid,video,False,381,stf_0214,17,True,False
cnt_20241029_030,2024-10-29 13:05:00,sec_pod,podcast,False,3322,stf_0235,14,True,False
cnt_20241029_031,2024-10-29 14:54:00,sec_brand,news,False,335,stf_0329,17,True,False
cnt_20241029_032,2024-10-29 10:24:00,sec_pod,podcast,False,5199,stf_0238,12,False,False
cnt_20241029_033,2024-10-29 16:46:00,sec_event,news,False,604,stf_0473,20,False,False
cnt_20241029_034,2024-10-29 13:31:00,sec_fin,feature,True,2874,stf_0410,9,False,False
cnt_20241029_035,2024-10-29 11:53:00,sec_intl,news,False,555,stf_0449,16,False,False
cnt_20241029_036,2024-10-29 19:19:00,sec_life,feature,True,3052,stf_0087,19,True,False
cnt_20241029_037,2024-10-29 16:28:00,sec_edu,news,False,872,stf_0098,17,False,False
cnt_20241029_038,2024-10-29 18:33:00,sec_brand,feature,False,3118,stf_0005,21,False,False
cnt_20241029_039,2024-10-29 18:29:00,sec_fin,news,True,937,stf_0161,14,False,False
cnt_20241029_040,2024-10-29 11:03:00,sec_soc,news,False,919,stf_0172,16,False,False
cnt_20241029_041,2024-10-29 14:17:00,sec_event,news,False,1072,stf_0242,8,False,False
cnt_20241029_042,2024-10-29 17:15:00,sec_soc,news,False,400,stf_0044,14,False,False
cnt_20241029_043,2024-10-29 16:54:00,sec_deep,news,True,455,stf_0156,14,True,False
cnt_20241029_044,2024-10-29 15:57:00,sec_pod,news,False,786,stf_0094,21,False,False
cnt_20241029_045,2024-10-29 11:23:00,sec_ent,news,False,1069,stf_0135,15,True,False
cnt_20241029_046,2024-10-29 12:47:00,sec_fin,news,True,686,stf_0410,20,False,False
cnt_20241030_001,2024-10-30 14:37:00,sec_tech,news,True,641,stf_0146,13,True,False
cnt_20241030_002,2024-10-30 15:38:00,sec_vid,feature,False,3929,stf_0123,10,False,False
cnt_20241030_003,2024-10-30 17:30:00,sec_pod,podcast,False,5130,stf_0216,15,False,False
cnt_20241030_004,2024-10-30 11:23:00,sec_tech,news,True,956,stf_0399,13,False,False
cnt_20241030_005,2024-10-30 18:17:00,sec_pol,news,False,684,stf_0128,16,False,False
cnt_20241030_006,2024-10-30 20:52:00,sec_vid,video,False,617,stf_0179,15,True,False
cnt_20241030_007,2024-10-30 08:23:00,sec_brand,news,False,1103,stf_0258,23,True,False
cnt_20241030_008,2024-10-30 22:18:00,sec_vid,video,False,839,stf_0088,13,True,False
cnt_20241030_009,2024-10-30 15:35:00,sec_tech,news,True,710,stf_0389,14,False,False
cnt_20241030_010,2024-10-30 09:03:00,sec_event,news,False,1010,stf_0320,14,False,False
cnt_20241030_011,2024-10-30 14:25:00,sec_ent,news,False,719,stf_0135,8,False,False
cnt_20241030_012,2024-10-30 18:23:00,sec_fin,feature,True,3952,stf_0358,11,False,False
cnt_20241030_013,2024-10-30 15:59:00,sec_sport,news,False,990,stf_0141,21,True,False
cnt_20241030_014,2024-10-30 14:39:00,sec_brand,news,False,805,stf_0017,14,False,False
cnt_20241030_015,2024-10-30 07:23:00,sec_pod,podcast,False,4201,stf_0055,15,True,False
cnt_20241030_016,2024-10-30 10:24:00,sec_pod,podcast,False,3965,stf_0129,14,False,False
cnt_20241030_017,2024-10-30 08:13:00,sec_edu,feature,True,3009,stf_0267,12,False,False
cnt_20241030_018,2024-10-30 18:00:00,sec_vid,video,False,998,stf_0423,23,False,False
cnt_20241030_019,2024-10-30 15:17:00,sec_shop,news,False,966,stf_0462,25,True,False
cnt_20241030_020,2024-10-30 07:44:00,sec_life,feature,False,2093,stf_0336,22,False,False
cnt_20241030_021,2024-10-30 12:02:00,sec_deep,news,True,678,stf_0245,8,False,False
cnt_20241030_022,2024-10-30 08:50:00,sec_pod,podcast,False,5229,stf_0466,17,False,False
cnt_20241030_023,2024-10-30 12:55:00,sec_deep,news,True,1135,stf_0279,16,True,False
cnt_20241030_024,2024-10-30 14:04:00,sec_pod,podcast,False,7860,stf_0401,16,False,False
cnt_20241030_025,2024-10-30 07:37:00,sec_soc,news,False,1102,stf_0012,8,False,False
cnt_20241030_026,2024-10-30 09:24:00,sec_ent,news,False,831,stf_0004,17,False,False
cnt_20241030_027,2024-10-30 17:40:00,sec_vid,news,False,242,stf_0068,16,False,False
cnt_20241030_028,2024-10-30 08:09:00,sec_sport,feature,False,3050,stf_0160,15,True,False
cnt_20241030_029,2024-10-30 07:27:00,sec_env,news,True,727,stf_0180,20,False,False
cnt_20241030_030,2024-10-30 09:10:00,sec_pod,podcast,False,3907,stf_0273,12,True,False
cnt_20241030_031,2024-10-30 20:19:00,sec_vid,video,False,1144,stf_0214,10,False,False
cnt_20241030_032,2024-10-30 22:56:00,sec_vid,video,False,475,stf_0022,18,True,False
cnt_20241030_033,2024-10-30 19:13:00,sec_vid,video,False,928,stf_0321,19,True,False
cnt_20241030_034,2024-10-30 13:39:00,sec_intl,news,False,395,stf_0314,15,True,False
cnt_20241030_035,2024-10-30 08:16:00,sec_pod,podcast,False,5260,stf_0363,17,True,False
cnt_20241030_036,2024-10-30 18:05:00,sec_vid,video,False,765,stf_0243,11,False,False
cnt_20241030_037,2024-10-30 11:50:00,sec_pod,podcast,False,7243,stf_0326,11,False,False
cnt_20241030_038,2024-10-30 14:36:00,sec_ent,news,False,1016,stf_0058,19,True,False
cnt_20241030_039,2024-10-30 18:30:00,sec_life,feature,False,3114,stf_0361,15,False,False
cnt_20241030_040,2024-10-30 12:26:00,sec_pod,podcast,False,6079,stf_0227,16,False,False
cnt_20241030_041,2024-10-30 18:54:00,sec_vid,video,False,1157,stf_0068,15,False,False
cnt_20241030_042,2024-10-30 13:16:00,sec_edu,news,False,1020,stf_0479,15,False,False
cnt_20241030_043,2024-10-30 16:01:00,sec_brand,feature,True,3890,stf_0260,18,True,False
cnt_20241030_044,2024-10-30 19:07:00,sec_opin,news,False,689,stf_0378,20,True,False
cnt_20241030_045,2024-10-30 19:09:00,sec_vid,video,False,1020,stf_0001,19,True,False
cnt_20241030_046,2024-10-30 07:14:00,sec_event,news,False,1029,stf_0082,20,True,False
cnt_20241030_047,2024-10-30 07:59:00,sec_pol,news,False,710,stf_0169,11,False,False
cnt_20241030_048,2024-10-30 08:58:00,sec_pod,podcast,False,3908,stf_0454,19,False,False
cnt_20241030_049,2024-10-30 10:23:00,sec_sport,news,False,1071,stf_0300,17,True,False
cnt_20241030_050,2024-10-30 10:51:00,sec_vid,feature,False,2358,stf_0427,20,False,False
cnt_20241030_051,2024-10-30 11:04:00,sec_pod,news,False,1195,stf_0216,12,False,False
cnt_20241031_001,2024-10-31 22:18:00,sec_vid,video,False,891,stf_0001,20,True,False
cnt_20241031_002,2024-10-31 17:33:00,sec_edu,feature,True,4161,stf_0031,10,False,False
cnt_20241031_003,2024-10-31 17:45:00,sec_shop,news,False,749,stf_0035,20,False,False
cnt_20241031_004,2024-10-31 19:59:00,sec_pol,news,False,799,stf_0292,18,True,False
cnt_20241031_005,2024-10-31 17:24:00,sec_pod,podcast,False,4578,stf_0238,15,False,False
cnt_20241031_006,2024-10-31 07:29:00,sec_pod,podcast,False,6793,stf_0381,12,False,False
cnt_20241031_007,2024-10-31 11:20:00,sec_soc,news,False,336,stf_0012,10,False,False
cnt_20241031_008,2024-10-31 18:22:00,sec_ent,news,False,814,stf_0015,10,False,False
cnt_20241031_009,2024-10-31 17:07:00,sec_brand,feature,True,3282,stf_0309,13,False,False
cnt_20241031_010,2024-10-31 16:56:00,sec_soc,news,False,664,stf_0451,11,True,False
cnt_20241031_011,2024-10-31 13:19:00,sec_opin,news,False,835,stf_0040,14,True,False
cnt_20241031_012,2024-10-31 13:53:00,sec_pod,news,False,867,stf_0055,10,False,False
cnt_20241031_013,2024-10-31 09:43:00,sec_brand,feature,True,4018,stf_0009,14,True,False
cnt_20241031_014,2024-10-31 16:35:00,sec_life,news,False,506,stf_0047,10,False,False
cnt_20241031_015,2024-10-31 16:23:00,sec_short,news,False,826,stf_0457,16,False,False
cnt_20241031_016,2024-10-31 18:43:00,sec_shop,news,False,956,stf_0337,11,False,False
cnt_20241031_017,2024-10-31 10:09:00,sec_fin,news,True,1179,stf_0150,18,True,False
cnt_20241031_018,2024-10-31 22:55:00,sec_vid,video,False,1435,stf_0036,12,False,False
cnt_20241031_019,2024-10-31 08:15:00,sec_life,feature,False,2325,stf_0047,17,False,False
cnt_20241031_020,2024-10-31 16:52:00,sec_pod,news,False,586,stf_0454,15,False,False
cnt_20241031_021,2024-10-31 18:06:00,sec_vid,video,False,677,stf_0243,15,False,False
cnt_20241031_022,2024-10-31 18:02:00,sec_opin,news,False,870,stf_0295,18,True,False
cnt_20241031_023,2024-10-31 12:09:00,sec_fin,news,True,887,stf_0406,19,False,False
cnt_20241031_024,2024-10-31 09:38:00,sec_shop,news,False,1131,stf_0035,10,False,False
cnt_20241031_025,2024-10-31 13:38:00,sec_pod,podcast,False,5417,stf_0076,18,False,False
cnt_20241031_026,2024-10-31 19:56:00,sec_pol,feature,True,2726,stf_0064,20,False,False
cnt_20241031_027,2024-10-31 08:27:00,sec_brand,news,False,873,stf_0162,14,True,False
cnt_20241031_028,2024-10-31 18:56:00,sec_pod,podcast,False,4858,stf_0062,9,False,False
cnt_20241031_029,2024-10-31 10:50:00,sec_intl,feature,False,3275,stf_0117,19,True,False
cnt_20241031_030,2024-10-31 09:01:00,sec_life,feature,False,3168,stf_0336,11,True,False
cnt_20241031_031,2024-10-31 10:08:00,sec_pod,podcast,False,3282,stf_0381,14,False,False
cnt_20241031_032,2024-10-31 08:31:00,sec_pod,news,False,687,stf_0261,23,True,False
cnt_20241031_033,2024-10-31 07:34:00,sec_edu,feature,True,3840,stf_0053,16,True,True
cnt_20241031_034,2024-10-31 18:28:00,sec_shop,news,False,945,stf_0277,9,False,False
cnt_20241031_035,2024-10-31 21:53:00,sec_vid,video,False,300,stf_0311,12,False,False
cnt_20241031_036,2024-10-31 16:31:00,sec_edu,news,False,645,stf_0195,8,False,False
cnt_20241031_037,2024-10-31 19:15:00,sec_env,news,True,1045,stf_0409,16,True,False
cnt_20241031_038,2024-10-31 21:00:00,sec_vid,video,False,1045,stf_0001,15,False,False
cnt_20241031_039,2024-10-31 14:37:00,sec_brand,news,False,436,stf_0116,10,False,False
cnt_20241031_040,2024-10-31 16:58:00,sec_edu,news,False,477,stf_0327,12,False,False
cnt_20241031_041,2024-10-31 07:01:00,sec_env,news,True,656,stf_0384,13,False,False
cnt_20241031_042,2024-10-31 17:49:00,sec_short,news,False,732,stf_0115,19,False,False
cnt_20241031_043,2024-10-31 11:55:00,sec_pol,news,False,781,stf_0026,18,True,False
cnt_20241031_044,2024-10-31 08:08:00,sec_deep,news,True,740,stf_0173,15,False,False
cnt_20241031_045,2024-10-31 08:26:00,sec_ent,news,False,390,stf_0034,13,False,False
cnt_20241031_046,2024-10-31 19:21:00,sec_vid,video,False,961,stf_0311,8,False,False
cnt_20241031_047,2024-10-31 14:28:00,sec_soc,news,False,521,stf_0042,21,False,False
cnt_20241031_048,2024-10-31 12:05:00,sec_shop,news,False,410,stf_0373,11,False,False
cnt_20241031_049,2024-10-31 08:00:00,sec_edu,news,False,800,stf_0084,13,False,False
cnt_20241031_050,2024-10-31 20:19:00,sec_vid,video,False,753,stf_0106,18,False,False
cnt_20241031_051,2024-10-31 18:33:00,sec_ent,news,False,858,stf_0097,15,True,False
cnt_20241031_052,2024-10-31 21:02:00,sec_vid,video,False,1314,stf_0019,17,False,False
cnt_20241031_053,2024-10-31 09:26:00,sec_brand,news,False,785,stf_0299,20,False,True
