content_id,stat_month,pv,uv,sessions,dwell_sec_total,bounce_sessions,share_cnt,comment_cnt,paywall_hit_cnt,conversion_cnt,ingest_ts,total_pv_lifetime
cnt_20241030_024,2024-10,783,593,700,115072,453,2,1,12,2,2024-12-04 14:00:00,1306
cnt_20241024_006,2024-10,163,116,137,15434,76,0,0,2,0,2024-11-28 22:00:00,286
cnt_20241010_034,2024-10,437,329,388,8381,211,1,1,7,2,2024-11-14 15:00:00,878
cnt_20241021_010,2024-10,2495,1879,2217,312548,1386,11,7,37,7,2024-11-25 16:00:00,3563
cnt_20241016_002,2024-10,256,196,231,5781,127,1,0,4,0,2024-11-20 15:00:00,381
cnt_20241020_026,2024-10,564,408,481,59752,185,3,1,9,3,2024-11-24 16:00:00,950
cnt_20241019_031,2024-10,937,652,769,16718,532,2,2,305,61,2024-11-23 11:00:00,2015
cnt_20241007_012,2024-10,826,654,772,15386,451,2,2,282,56,2024-11-11 18:00:00,1158
cnt_20241018_027,2024-10,1342,1009,1191,21810,811,6,1,23,4,2024-11-22 14:00:00,2288
cnt_20241017_025,2024-10,222,163,192,3541,121,1,0,4,1,2024-11-21 17:00:00,393
cnt_20241003_045,2024-10,1257,985,1162,29636,568,7,3,22,4,2024-11-07 08:00:00,1981
cnt_20241015_020,2024-10,1351,935,1103,34541,651,5,1,21,5,2024-11-19 18:00:00,2522
cnt_20241029_017,2024-10,562,392,463,51107,334,3,1,11,2,2024-12-03 21:00:00,797
cnt_20241016_003,2024-10,759,521,615,61277,321,2,1,12,4,2024-11-20 11:00:00,1579
cnt_20241028_051,2024-10,117,90,106,10311,60,1,0,2,1,2024-12-02 18:00:00,228
cnt_20241015_025,2024-10,90,64,76,2206,46,0,0,2,0,2024-11-19 16:00:00,148
cnt_20241017_010,2024-10,431,336,396,34647,190,2,0,111,32,2024-11-21 14:00:00,929
cnt_20241016_032,2024-10,896,590,696,24769,376,4,2,13,2,2024-11-20 10:00:00,1216
cnt_20241023_031,2024-10,521,345,407,66465,190,3,1,8,2,2024-11-27 15:00:00,909
cnt_20241012_018,2024-10,507,364,430,100095,235,2,1,10,2,2024-11-16 19:00:00,845
cnt_20241025_047,2024-10,1018,735,867,108553,366,4,3,17,5,2024-11-29 11:00:00,2151
cnt_20241028_028,2024-10,210,162,191,3495,115,1,0,4,1,2024-12-02 14:00:00,469
cnt_20241003_030,2024-10,108,78,92,2343,59,0,0,37,7,2024-11-07 07:00:00,229
cnt_20241009_026,2024-10,149,103,122,3108,82,1,0,48,9,2024-11-13 11:00:00,321
cnt_20241026_029,2024-10,136,103,122,14842,73,0,0,2,1,2024-11-30 21:00:00,303
cnt_20241025_008,2024-10,1498,991,1169,296482,744,8,3,20,4,2024-11-29 18:00:00,2622
cnt_20241023_009,2024-10,1212,838,989,25727,554,3,1,17,3,2024-11-27 19:00:00,1648
cnt_20241025_025,2024-10,421,327,386,42925,265,1,0,9,1,2024-11-29 13:00:00,598
cnt_20241021_008,2024-10,712,466,550,13922,364,4,2,10,2,2024-11-25 15:00:00,1321
cnt_20241025_034,2024-10,55,38,45,5548,23,0,0,14,4,2024-11-29 14:00:00,111
cnt_20241021_014,2024-10,588,389,459,12582,308,3,1,9,2,2024-11-25 10:00:00,1075
cnt_20241006_018,2024-10,489,376,444,89562,258,3,1,11,2,2024-11-10 08:00:00,959
cnt_20241024_050,2024-10,135,95,112,2333,71,1,0,3,1,2024-11-28 13:00:00,275
cnt_20241011_044,2024-10,383,258,304,67298,206,2,1,6,1,2024-11-15 12:00:00,850
cnt_20241002_006,2024-10,44,32,38,4392,13,0,0,11,3,2024-11-06 12:00:00,80
cnt_20241027_004,2024-10,594,469,553,50792,237,2,2,13,4,2024-12-01 16:00:00,1080
cnt_20241009_003,2024-10,325,237,280,43813,104,2,0,5,2,2024-11-13 18:00:00,629
cnt_20241010_036,2024-10,2055,1528,1803,43558,947,10,6,30,6,2024-11-14 17:00:00,3585
cnt_20241005_019,2024-10,334,257,303,6613,174,1,1,6,2,2024-11-09 18:00:00,463
cnt_20241027_038,2024-10,1350,918,1083,37116,561,4,1,18,3,2024-12-01 16:00:00,2669
cnt_20241018_021,2024-10,484,331,391,11339,199,2,1,7,1,2024-11-22 10:00:00,1020
cnt_20241012_025,2024-10,559,391,461,13051,264,2,1,8,1,2024-11-16 11:00:00,1232
cnt_20241021_024,2024-10,2681,1759,2076,68812,1247,10,5,40,8,2024-11-25 14:00:00,5906
cnt_20241022_010,2024-10,1316,1024,1208,23275,660,5,1,29,5,2024-11-26 15:00:00,2960
cnt_20241026_014,2024-10,370,267,315,8045,177,1,1,7,1,2024-11-30 14:00:00,772
cnt_20241012_002,2024-10,3939,2592,3059,103996,1517,22,6,49,10,2024-11-16 10:00:00,7409
cnt_20241026_001,2024-10,389,264,312,9582,160,1,0,6,1,2024-11-30 08:00:00,581
cnt_20241011_026,2024-10,418,277,327,55819,176,2,1,7,1,2024-11-15 18:00:00,839
cnt_20241013_009,2024-10,424,333,393,6771,261,2,1,9,1,2024-11-17 08:00:00,787
cnt_20241009_013,2024-10,212,157,185,5253,98,1,1,3,1,2024-11-13 07:00:00,292
cnt_20241018_007,2024-10,593,424,500,14008,257,4,0,10,2,2024-11-22 08:00:00,915
cnt_20241025_037,2024-10,903,657,775,67732,435,4,2,15,4,2024-11-29 17:00:00,1723
cnt_20241025_054,2024-10,260,182,215,5635,121,1,1,5,1,2024-11-29 09:00:00,511
cnt_20241016_030,2024-10,364,274,323,7214,184,1,0,7,2,2024-11-20 19:00:00,516
cnt_20241014_045,2024-10,219,149,176,20779,79,1,0,69,20,2024-11-18 19:00:00,486
cnt_20241006_007,2024-10,272,194,229,31896,126,1,0,4,1,2024-11-10 19:00:00,409
cnt_20241011_013,2024-10,1989,1487,1755,39438,1155,5,4,42,8,2024-11-15 18:00:00,2941
cnt_20241013_008,2024-10,720,568,670,102035,441,3,1,15,3,2024-11-17 08:00:00,1070
cnt_20241001_008,2024-10,542,381,450,67885,252,3,1,10,1,2024-11-05 20:00:00,781
cnt_20241023_006,2024-10,1599,1053,1243,299668,850,9,4,20,4,2024-11-27 08:00:00,2787
cnt_20241017_017,2024-10,74,58,68,7163,33,0,0,26,8,2024-11-21 14:00:00,136
cnt_20241002_018,2024-10,914,705,832,86256,357,5,1,269,77,2024-11-06 11:00:00,1582
cnt_20241001_011,2024-10,407,280,330,53497,178,1,1,7,2,2024-11-05 19:00:00,645
cnt_20241001_005,2024-10,173,126,149,21219,66,1,0,3,1,2024-11-05 16:00:00,347
cnt_20241015_034,2024-10,230,161,190,24060,124,0,1,4,1,2024-11-19 22:00:00,453
cnt_20241016_022,2024-10,276,187,221,5977,135,1,0,5,1,2024-11-20 14:00:00,413
cnt_20241019_023,2024-10,131,87,103,3981,52,0,0,2,1,2024-11-23 15:00:00,242
cnt_20241022_013,2024-10,274,192,227,6929,125,1,0,84,17,2024-11-26 12:00:00,540
cnt_20241031_032,2024-10,911,693,818,16022,566,5,3,15,3,2024-12-05 08:00:00,2043
cnt_20241014_012,2024-10,759,492,581,17004,376,2,1,12,3,2024-11-18 19:00:00,1116
cnt_20241027_005,2024-10,307,216,255,8828,120,1,0,86,17,2024-12-01 10:00:00,528
cnt_20241017_051,2024-10,709,552,651,103510,402,2,1,12,3,2024-11-21 17:00:00,1456
cnt_20241007_004,2024-10,779,529,624,127330,321,2,1,13,3,2024-11-11 07:00:00,1169
cnt_20241011_001,2024-10,1108,768,906,96808,450,3,3,18,5,2024-11-15 17:00:00,1782
cnt_20241004_039,2024-10,528,355,419,55662,286,1,1,10,1,2024-11-08 18:00:00,810
cnt_20241025_059,2024-10,202,132,156,21261,81,1,0,3,1,2024-11-29 20:00:00,327
cnt_20241024_027,2024-10,1766,1156,1364,43597,840,5,3,513,101,2024-11-28 19:00:00,3308
cnt_20241024_009,2024-10,217,152,179,4174,120,0,0,3,1,2024-11-28 13:00:00,303
cnt_20241012_005,2024-10,123,83,98,2279,62,1,0,2,1,2024-11-16 10:00:00,189
cnt_20241020_008,2024-10,545,392,463,10951,274,1,1,11,3,2024-11-24 07:00:00,1125
cnt_20241016_025,2024-10,947,624,736,118462,338,5,1,15,4,2024-11-20 15:00:00,1696
cnt_20241024_026,2024-10,593,438,517,14241,281,1,1,8,1,2024-11-28 07:00:00,864
cnt_20241022_012,2024-10,667,475,560,10330,398,3,1,13,2,2024-11-26 08:00:00,1093
cnt_20241003_002,2024-10,112,84,99,2159,57,1,0,2,1,2024-11-07 15:00:00,234
cnt_20241003_033,2024-10,352,245,289,5480,204,1,1,5,1,2024-11-07 14:00:00,477
cnt_20241001_016,2024-10,310,204,241,7945,152,2,1,6,2,2024-11-05 13:00:00,651
cnt_20241030_031,2024-10,269,208,245,25367,118,1,0,4,0,2024-12-04 20:00:00,595
cnt_20241030_015,2024-10,482,351,414,101022,226,3,1,8,1,2024-12-04 07:00:00,955
cnt_20241011_004,2024-10,350,232,274,8732,157,2,0,5,1,2024-11-15 18:00:00,628
cnt_20241010_041,2024-10,478,361,426,86035,245,3,1,9,1,2024-11-14 11:00:00,668
cnt_20241020_014,2024-10,443,322,380,51791,198,2,0,7,1,2024-11-24 22:00:00,936
cnt_20241021_013,2024-10,480,345,407,51264,214,2,1,8,2,2024-11-25 16:00:00,1062
cnt_20241030_029,2024-10,242,189,223,4805,117,1,0,61,12,2024-12-04 07:00:00,376
cnt_20241006_021,2024-10,673,478,564,11047,353,2,1,10,2,2024-11-10 16:00:00,1342
cnt_20241011_008,2024-10,684,474,559,10609,369,2,2,11,3,2024-11-15 11:00:00,1449
cnt_20241006_012,2024-10,1043,729,860,173566,526,2,2,15,3,2024-11-10 11:00:00,1619
cnt_20241020_020,2024-10,553,412,486,10549,287,3,0,10,2,2024-11-24 11:00:00,1001
cnt_20241028_048,2024-10,1373,904,1067,26958,702,8,3,21,5,2024-12-02 12:00:00,2247
cnt_20241024_019,2024-10,147,100,118,16625,67,1,0,2,0,2024-11-28 22:00:00,246
cnt_20241031_022,2024-10,943,723,853,18730,448,4,1,14,3,2024-12-05 18:00:00,1641
cnt_20241007_042,2024-10,716,562,663,49779,426,2,2,15,2,2024-11-11 21:00:00,1087
cnt_20241023_007,2024-10,378,291,343,8042,177,1,1,6,1,2024-11-27 21:00:00,589
cnt_20241019_029,2024-10,288,227,268,27923,171,1,1,4,0,2024-11-23 20:00:00,420
cnt_20241014_055,2024-10,2044,1473,1738,30172,1297,12,5,36,7,2024-11-18 14:00:00,2831
cnt_20241023_021,2024-10,469,347,409,9515,231,2,1,7,2,2024-11-27 11:00:00,985
cnt_20241007_009,2024-10,668,493,582,18835,289,2,1,13,2,2024-11-11 16:00:00,1137
cnt_20241022_021,2024-10,1613,1129,1332,33613,813,4,3,23,4,2024-11-26 16:00:00,2254
cnt_20241019_024,2024-10,1129,735,867,27497,500,6,1,18,4,2024-11-23 11:00:00,1590
cnt_20241006_015,2024-10,1651,1170,1381,385455,630,8,1,27,6,2024-11-10 14:00:00,2916
cnt_20241007_019,2024-10,322,216,255,54141,172,2,1,4,1,2024-11-11 09:00:00,658
cnt_20241013_024,2024-10,501,374,441,11094,202,2,1,10,2,2024-11-17 10:00:00,1101
cnt_20241008_024,2024-10,103,67,79,13900,31,0,0,2,1,2024-11-12 13:00:00,191
cnt_20241009_014,2024-10,166,130,153,2304,107,0,0,55,11,2024-11-13 08:00:00,360
cnt_20241003_043,2024-10,156,113,133,16934,59,0,0,2,1,2024-11-07 18:00:00,248
cnt_20241024_015,2024-10,564,407,480,11059,336,2,1,9,2,2024-11-28 14:00:00,988
cnt_20241007_043,2024-10,641,455,537,104796,326,2,1,11,2,2024-11-11 12:00:00,1255
cnt_20241014_038,2024-10,646,495,584,9918,384,4,1,10,2,2024-11-18 08:00:00,1422
cnt_20241025_007,2024-10,138,95,112,3230,72,1,0,2,0,2024-11-29 09:00:00,245
cnt_20241027_002,2024-10,1036,730,861,22335,542,2,1,14,3,2024-12-01 16:00:00,1764
cnt_20241028_050,2024-10,67,50,59,8368,25,0,0,23,6,2024-12-02 17:00:00,97
cnt_20241023_033,2024-10,303,221,261,6476,135,1,1,5,1,2024-11-27 07:00:00,573
cnt_20241010_042,2024-10,148,106,125,2935,66,1,0,3,1,2024-11-14 09:00:00,260
cnt_20241025_026,2024-10,239,156,184,5359,117,1,0,3,1,2024-11-29 07:00:00,484
cnt_20241026_017,2024-10,325,234,276,7447,161,1,1,6,1,2024-11-30 15:00:00,687
cnt_20241016_033,2024-10,1808,1236,1458,34247,877,8,4,34,7,2024-11-20 15:00:00,3038
cnt_20241031_038,2024-10,170,126,149,14338,88,1,0,3,0,2024-12-05 21:00:00,293
cnt_20241028_020,2024-10,171,113,133,15952,61,1,0,46,13,2024-12-02 07:00:00,348
cnt_20241022_037,2024-10,1227,864,1020,188044,543,7,3,22,4,2024-11-26 07:00:00,2108
cnt_20241002_019,2024-10,3908,2746,3240,696531,2080,12,6,61,12,2024-11-06 15:00:00,8138
cnt_20241025_040,2024-10,209,154,182,4643,113,1,0,4,1,2024-11-29 11:00:00,389
cnt_20241001_029,2024-10,648,505,596,12610,356,2,1,13,2,2024-11-05 07:00:00,1138
cnt_20241015_008,2024-10,595,469,553,10754,320,1,1,13,3,2024-11-19 18:00:00,1004
cnt_20241028_042,2024-10,464,313,369,82749,213,2,1,8,2,2024-12-02 16:00:00,905
cnt_20241010_033,2024-10,983,668,788,129486,517,5,3,14,3,2024-11-14 10:00:00,1961
cnt_20241013_001,2024-10,758,586,691,14174,379,4,2,15,3,2024-11-17 07:00:00,1093
cnt_20241017_039,2024-10,351,243,287,39105,124,1,1,6,1,2024-11-21 16:00:00,788
cnt_20241024_039,2024-10,2607,1895,2236,59577,1284,14,3,48,10,2024-11-28 11:00:00,3737
cnt_20241020_018,2024-10,229,161,190,4713,132,1,0,75,15,2024-11-24 11:00:00,389
cnt_20241010_044,2024-10,207,156,184,14382,121,1,0,4,1,2024-11-14 18:00:00,294
cnt_20241005_030,2024-10,922,640,755,24278,434,3,1,17,3,2024-11-09 16:00:00,1594
cnt_20241011_007,2024-10,602,427,504,81802,242,3,1,11,1,2024-11-15 21:00:00,1037
cnt_20241011_032,2024-10,2056,1585,1870,38505,1127,8,4,760,150,2024-11-15 09:00:00,4219
cnt_20241029_040,2024-10,273,216,255,4183,156,1,0,6,1,2024-12-03 11:00:00,557
cnt_20241023_029,2024-10,471,373,440,9117,274,2,1,145,29,2024-11-27 08:00:00,842
cnt_20241019_009,2024-10,1592,1066,1258,265075,781,7,4,29,5,2024-11-23 12:00:00,3421
cnt_20241031_048,2024-10,223,174,205,3794,116,1,0,3,0,2024-12-05 12:00:00,432
cnt_20241009_007,2024-10,429,317,374,8018,229,1,1,7,2,2024-11-13 10:00:00,640
cnt_20241024_024,2024-10,1760,1347,1589,42496,861,7,2,35,7,2024-11-28 12:00:00,2710
cnt_20241002_039,2024-10,373,292,345,8240,192,2,1,123,25,2024-11-06 19:00:00,587
cnt_20241003_009,2024-10,422,291,343,39905,152,1,0,95,28,2024-11-07 07:00:00,578
cnt_20241021_003,2024-10,399,273,322,73342,194,1,0,7,1,2024-11-25 10:00:00,887
cnt_20241012_001,2024-10,423,307,362,41348,196,1,0,8,2,2024-11-16 20:00:00,799
cnt_20241007_021,2024-10,520,386,455,63207,314,2,1,8,1,2024-11-11 11:00:00,924
cnt_20241011_040,2024-10,427,335,395,9013,204,2,1,9,1,2024-11-15 16:00:00,667
cnt_20241011_037,2024-10,1080,747,881,26446,423,4,3,16,3,2024-11-15 15:00:00,1764
cnt_20241028_021,2024-10,350,275,324,7436,157,1,0,7,1,2024-12-02 13:00:00,741
cnt_20241025_039,2024-10,985,706,833,30607,354,4,2,18,3,2024-11-29 13:00:00,1919
cnt_20241015_026,2024-10,280,190,224,25426,110,1,1,5,1,2024-11-19 07:00:00,546
cnt_20241019_011,2024-10,397,270,319,40640,177,1,0,6,2,2024-11-23 14:00:00,784
cnt_20241029_033,2024-10,262,182,215,4964,143,2,1,5,1,2024-12-03 16:00:00,531
cnt_20241024_021,2024-10,499,386,455,9873,269,2,0,10,2,2024-11-28 13:00:00,851
cnt_20241028_053,2024-10,337,262,309,40102,113,1,1,114,33,2024-12-02 11:00:00,727
cnt_20241008_026,2024-10,117,78,92,2914,54,0,0,2,1,2024-11-12 09:00:00,180
cnt_20241005_016,2024-10,109,74,87,2787,53,0,0,2,0,2024-11-09 19:00:00,214
cnt_20241002_002,2024-10,248,193,228,5850,131,1,1,68,13,2024-11-06 11:00:00,367
cnt_20241027_020,2024-10,1025,746,880,72083,614,3,2,15,2,2024-12-01 18:00:00,1441
cnt_20241019_022,2024-10,394,308,363,6495,207,1,1,7,1,2024-11-23 13:00:00,616
cnt_20241006_024,2024-10,1954,1388,1638,39229,875,5,5,34,6,2024-11-10 08:00:00,4273
cnt_20241013_010,2024-10,138,98,116,2902,62,1,0,2,0,2024-11-17 10:00:00,199
cnt_20241007_006,2024-10,581,385,454,55004,175,3,1,160,46,2024-11-11 18:00:00,1019
cnt_20241030_050,2024-10,209,150,177,18585,83,0,0,4,1,2024-12-04 10:00:00,445
cnt_20241020_019,2024-10,476,376,444,8411,292,2,1,180,35,2024-11-24 07:00:00,806
cnt_20241021_019,2024-10,280,219,258,5185,154,1,1,5,1,2024-11-25 16:00:00,426
cnt_20241008_023,2024-10,1662,1201,1417,37347,877,4,2,23,4,2024-11-12 18:00:00,2361
cnt_20241023_040,2024-10,523,356,420,85660,222,2,1,9,1,2024-11-27 08:00:00,903
cnt_20241021_023,2024-10,459,341,402,9987,260,2,1,8,1,2024-11-25 09:00:00,849
cnt_20241023_005,2024-10,780,519,612,17003,362,4,2,13,2,2024-11-27 11:00:00,1431
cnt_20241030_035,2024-10,524,353,417,85063,261,1,1,8,2,2024-12-04 08:00:00,948
cnt_20241028_047,2024-10,546,384,453,13831,236,2,1,10,2,2024-12-02 16:00:00,1076
cnt_20241009_033,2024-10,3658,2431,2869,98498,1521,14,9,1151,227,2024-11-13 10:00:00,7082
cnt_20241020_028,2024-10,1477,959,1132,28797,776,7,2,23,5,2024-11-24 07:00:00,2457
cnt_20241002_012,2024-10,2470,1850,2183,41633,1459,10,2,52,11,2024-11-06 09:00:00,3408
cnt_20241014_027,2024-10,169,115,136,13564,74,0,0,51,15,2024-11-18 07:00:00,270
cnt_20241004_046,2024-10,221,166,196,3947,106,1,1,64,13,2024-11-08 12:00:00,439
cnt_20241028_004,2024-10,262,180,212,24106,101,1,0,5,2,2024-12-02 19:00:00,432
cnt_20241014_032,2024-10,111,74,87,2442,48,1,0,2,0,2024-11-18 09:00:00,162
cnt_20241007_040,2024-10,286,196,231,5507,139,1,1,65,13,2024-11-11 07:00:00,617
cnt_20241001_019,2024-10,282,207,244,21778,153,1,1,6,1,2024-11-05 19:00:00,475
cnt_20241014_021,2024-10,432,332,392,6643,272,2,1,6,1,2024-11-18 17:00:00,744
cnt_20241031_042,2024-10,1762,1324,1562,36621,887,10,3,37,8,2024-12-05 17:00:00,3594
cnt_20241016_027,2024-10,600,468,552,9846,342,2,1,161,32,2024-11-20 10:00:00,862
cnt_20241018_045,2024-10,327,239,282,8183,156,1,0,6,2,2024-11-22 09:00:00,499
cnt_20241012_030,2024-10,380,271,320,6806,192,1,1,7,1,2024-11-16 15:00:00,658
cnt_20241018_002,2024-10,463,326,385,10055,184,2,1,8,1,2024-11-22 10:00:00,944
cnt_20241010_021,2024-10,93,61,72,1971,44,1,0,1,0,2024-11-14 14:00:00,162
cnt_20241016_043,2024-10,2080,1441,1700,54311,984,6,5,29,6,2024-11-20 19:00:00,3452
cnt_20241028_041,2024-10,219,150,177,22215,103,1,0,3,0,2024-12-02 18:00:00,329
cnt_20241016_050,2024-10,53,42,50,5229,27,0,0,19,5,2024-11-20 19:00:00,93
cnt_20241026_021,2024-10,1228,946,1116,24179,717,4,1,19,4,2024-11-30 10:00:00,2032
cnt_20241029_018,2024-10,181,127,150,4722,85,1,0,3,1,2024-12-03 10:00:00,332
cnt_20241002_013,2024-10,269,195,230,32515,92,1,1,5,2,2024-11-06 15:00:00,524
cnt_20241022_001,2024-10,388,269,317,37141,165,2,1,6,2,2024-11-26 15:00:00,706
cnt_20241029_023,2024-10,400,271,320,63893,135,2,0,6,1,2024-12-03 21:00:00,763
cnt_20241017_032,2024-10,108,74,87,2659,52,1,0,1,0,2024-11-21 14:00:00,165
cnt_20241025_029,2024-10,467,346,408,39431,256,2,1,149,43,2024-11-29 17:00:00,1051
cnt_20241010_051,2024-10,53,39,46,997,26,0,0,1,0,2024-11-14 10:00:00,98
cnt_20241003_025,2024-10,282,191,225,34472,118,2,1,4,1,2024-11-07 21:00:00,413
cnt_20241030_046,2024-10,210,151,178,3598,106,1,0,3,1,2024-12-04 07:00:00,432
cnt_20241008_017,2024-10,168,118,139,4323,81,1,0,2,0,2024-11-12 10:00:00,237
cnt_20241015_005,2024-10,444,346,408,5757,275,2,1,7,1,2024-11-19 08:00:00,805
cnt_20241017_023,2024-10,543,417,492,10842,302,3,1,180,36,2024-11-21 17:00:00,1123
cnt_20241017_044,2024-10,81,63,74,1599,44,0,0,2,0,2024-11-21 18:00:00,111
cnt_20241004_022,2024-10,1019,772,911,24902,478,3,1,18,3,2024-11-08 17:00:00,1556
cnt_20241011_010,2024-10,559,401,473,12496,294,3,2,11,2,2024-11-15 15:00:00,782
cnt_20241029_043,2024-10,2605,2044,2412,46250,1487,7,2,811,160,2024-12-03 16:00:00,3532
cnt_20241001_024,2024-10,271,193,228,5148,152,1,1,87,17,2024-11-05 13:00:00,417
cnt_20241011_052,2024-10,221,161,190,25177,73,1,0,3,1,2024-11-15 09:00:00,467
cnt_20241027_011,2024-10,409,307,362,38236,207,2,1,9,1,2024-12-01 22:00:00,595
cnt_20241015_044,2024-10,194,130,153,42469,72,1,0,3,1,2024-11-19 19:00:00,378
cnt_20241011_016,2024-10,486,356,420,8122,252,2,1,8,2,2024-11-15 19:00:00,813
cnt_20241029_041,2024-10,451,303,358,9384,201,3,1,7,2,2024-12-03 14:00:00,987
cnt_20241021_011,2024-10,345,232,274,37605,159,2,0,5,1,2024-11-25 19:00:00,752
cnt_20241002_016,2024-10,200,145,171,23849,91,1,0,3,1,2024-11-06 18:00:00,417
cnt_20241017_016,2024-10,1395,951,1122,27923,768,7,2,19,3,2024-11-21 09:00:00,2065
cnt_20241011_002,2024-10,350,266,314,47601,175,2,0,6,1,2024-11-15 10:00:00,514
cnt_20241018_043,2024-10,394,260,307,7525,183,2,1,6,1,2024-11-22 12:00:00,703
cnt_20241026_022,2024-10,793,559,660,127628,345,2,1,16,3,2024-11-30 19:00:00,1118
cnt_20241030_017,2024-10,318,242,286,37425,111,1,0,103,30,2024-12-04 08:00:00,592
cnt_20241013_032,2024-10,368,291,343,5191,221,1,1,8,2,2024-11-17 16:00:00,540
cnt_20241026_025,2024-10,255,191,225,21382,136,1,1,5,0,2024-11-30 22:00:00,430
cnt_20241008_014,2024-10,642,497,586,15595,244,3,2,12,2,2024-11-12 19:00:00,1413
cnt_20241029_024,2024-10,93,60,71,8974,39,0,0,1,1,2024-12-03 19:00:00,188
cnt_20241003_038,2024-10,409,291,343,10103,183,2,1,104,20,2024-11-07 11:00:00,764
cnt_20241017_056,2024-10,622,459,542,90601,354,3,1,12,2,2024-11-21 11:00:00,1279
cnt_20241030_010,2024-10,626,415,490,17066,259,2,2,9,2,2024-12-04 09:00:00,1401
cnt_20241016_042,2024-10,406,312,368,58940,236,2,0,7,1,2024-11-20 14:00:00,804
cnt_20241001_012,2024-10,1336,872,1029,34179,627,8,2,24,4,2024-11-05 13:00:00,2436
cnt_20241004_010,2024-10,507,341,402,10708,205,2,1,7,2,2024-11-08 17:00:00,697
cnt_20241016_008,2024-10,149,99,117,13283,51,1,0,2,1,2024-11-20 10:00:00,302
cnt_20241012_011,2024-10,608,403,476,12162,265,3,1,9,2,2024-11-16 09:00:00,871
cnt_20241008_036,2024-10,753,550,649,87895,296,4,1,264,76,2024-11-12 08:00:00,1525
cnt_20241006_028,2024-10,1543,1188,1402,138055,713,7,1,28,9,2024-11-10 10:00:00,2880
cnt_20241025_014,2024-10,847,634,748,15194,462,2,1,17,3,2024-11-29 15:00:00,1772
cnt_20241004_041,2024-10,255,170,201,5978,101,1,0,4,0,2024-11-08 15:00:00,391
cnt_20241010_015,2024-10,1899,1483,1750,28664,1211,5,5,36,8,2024-11-14 17:00:00,3181
cnt_20241027_031,2024-10,3797,2650,3127,76372,1910,8,9,70,14,2024-12-01 08:00:00,5895
cnt_20241020_001,2024-10,461,318,375,70445,205,1,1,6,1,2024-11-24 19:00:00,797
cnt_20241011_033,2024-10,1535,1172,1383,25911,962,3,4,30,6,2024-11-15 07:00:00,2850
cnt_20241002_009,2024-10,664,521,615,59828,263,3,1,11,3,2024-11-06 12:00:00,1376
cnt_20241014_033,2024-10,748,497,586,72668,356,4,1,11,2,2024-11-18 20:00:00,1366
cnt_20241025_048,2024-10,151,104,123,3436,81,0,0,2,1,2024-11-29 10:00:00,314
cnt_20241013_015,2024-10,254,183,216,5566,136,1,0,4,0,2024-11-17 15:00:00,502
cnt_20241009_031,2024-10,633,484,571,6116,470,3,1,13,2,2024-11-13 18:00:00,1070
cnt_20241015_004,2024-10,1398,924,1090,271338,588,6,1,20,4,2024-11-19 17:00:00,2627
cnt_20241027_010,2024-10,513,335,395,98769,265,2,1,7,1,2024-12-01 12:00:00,942
cnt_20241024_022,2024-10,368,286,337,6995,209,1,1,97,19,2024-11-28 14:00:00,634
cnt_20241028_019,2024-10,1074,774,913,18153,551,5,2,15,2,2024-12-02 19:00:00,2401
cnt_20241016_047,2024-10,1028,804,949,105611,419,4,1,385,111,2024-11-20 12:00:00,2162
cnt_20241008_015,2024-10,1058,768,906,24190,506,4,2,20,4,2024-11-12 12:00:00,1598
cnt_20241030_023,2024-10,304,229,270,6450,175,2,1,105,21,2024-12-04 12:00:00,470
cnt_20241025_027,2024-10,207,142,168,4521,98,1,0,4,1,2024-11-29 15:00:00,328
cnt_20241025_003,2024-10,481,333,393,46582,241,1,1,8,1,2024-11-29 18:00:00,715
cnt_20241031_017,2024-10,505,341,402,10103,241,2,1,134,26,2024-12-05 10:00:00,1013
cnt_20241025_005,2024-10,1432,1039,1226,32766,781,7,3,370,73,2024-11-29 09:00:00,3042
cnt_20241017_031,2024-10,1214,886,1045,22682,671,2,2,20,4,2024-11-21 11:00:00,1833
cnt_20241009_035,2024-10,452,338,399,39067,241,2,1,9,1,2024-11-13 20:00:00,964
cnt_20241021_016,2024-10,254,166,196,26449,66,1,0,61,18,2024-11-25 07:00:00,464
cnt_20241017_045,2024-10,927,690,814,100877,427,3,1,17,2,2024-11-21 18:00:00,2048
cnt_20241031_025,2024-10,675,480,566,115007,316,4,1,11,2,2024-12-05 13:00:00,1487
cnt_20241013_017,2024-10,628,469,553,68853,306,3,2,11,2,2024-11-17 20:00:00,1253
cnt_20241025_042,2024-10,319,207,244,56095,127,1,1,4,1,2024-11-29 19:00:00,559
cnt_20241015_032,2024-10,476,345,407,8809,255,2,1,9,2,2024-11-19 15:00:00,784
cnt_20241001_034,2024-10,1886,1295,1528,342162,876,7,2,25,5,2024-11-05 13:00:00,3847
cnt_20241009_028,2024-10,758,572,675,129395,388,2,1,13,3,2024-11-13 08:00:00,1050
cnt_20241025_009,2024-10,930,699,825,12949,571,3,1,18,4,2024-11-29 11:00:00,1718
cnt_20241011_041,2024-10,832,582,687,83190,340,3,2,15,2,2024-11-15 18:00:00,1812
cnt_20241018_044,2024-10,1210,915,1080,21613,700,4,3,421,83,2024-11-22 08:00:00,2318
cnt_20241013_012,2024-10,231,180,212,4841,107,1,0,4,1,2024-11-17 13:00:00,461
cnt_20241017_036,2024-10,108,73,86,11726,49,1,0,2,0,2024-11-21 12:00:00,233
cnt_20241017_001,2024-10,960,634,748,20216,475,2,2,14,2,2024-11-21 14:00:00,1574
cnt_20241031_034,2024-10,560,432,510,11772,276,3,1,12,2,2024-12-05 18:00:00,1041
cnt_20241003_026,2024-10,357,257,303,8096,158,1,1,7,1,2024-11-07 18:00:00,673
cnt_20241012_037,2024-10,492,364,430,9647,300,2,1,7,2,2024-11-16 10:00:00,818
cnt_20241005_007,2024-10,1321,992,1171,164078,543,8,2,25,4,2024-11-09 20:00:00,2437
cnt_20241010_045,2024-10,169,123,145,17643,78,0,0,2,1,2024-11-14 07:00:00,243
cnt_20241011_047,2024-10,941,706,833,137445,501,4,2,18,4,2024-11-15 17:00:00,1353
cnt_20241024_037,2024-10,115,78,92,1991,57,0,0,2,1,2024-11-28 09:00:00,199
cnt_20241016_001,2024-10,1401,1009,1191,27240,851,4,2,26,5,2024-11-20 07:00:00,2899
cnt_20241012_004,2024-10,1062,834,984,14662,658,4,2,312,62,2024-11-16 15:00:00,1455
cnt_20241028_030,2024-10,699,507,598,17118,314,4,2,14,3,2024-12-02 18:00:00,970
cnt_20241010_026,2024-10,641,451,532,64211,200,3,1,163,47,2024-11-14 12:00:00,1078
cnt_20241001_035,2024-10,659,470,555,68326,288,4,2,11,3,2024-11-05 16:00:00,1064
cnt_20241015_021,2024-10,1021,753,889,146030,503,6,2,15,3,2024-11-19 19:00:00,1801
cnt_20241018_004,2024-10,499,379,447,11512,265,1,1,8,1,2024-11-22 11:00:00,878
cnt_20241024_025,2024-10,183,142,168,4009,100,1,0,4,1,2024-11-28 13:00:00,347
cnt_20241005_005,2024-10,411,294,347,100082,161,2,1,7,1,2024-11-09 17:00:00,893
cnt_20241018_047,2024-10,912,598,706,108807,328,5,1,242,70,2024-11-22 19:00:00,1683
cnt_20241021_035,2024-10,231,152,179,5685,106,1,0,4,1,2024-11-25 13:00:00,445
cnt_20241006_009,2024-10,232,171,202,18989,105,1,1,82,24,2024-11-10 09:00:00,510
cnt_20241006_004,2024-10,368,263,310,6763,174,1,1,5,1,2024-11-10 19:00:00,780
cnt_20241014_036,2024-10,406,271,320,51693,179,2,0,6,1,2024-11-18 20:00:00,852
cnt_20241006_020,2024-10,1489,1095,1292,34931,772,4,2,26,5,2024-11-10 12:00:00,3315
cnt_20241006_006,2024-10,264,196,231,43374,116,1,0,4,1,2024-11-10 18:00:00,559
cnt_20241009_047,2024-10,1484,1112,1312,95586,1000,4,2,26,4,2024-11-13 21:00:00,2480
cnt_20241007_005,2024-10,315,205,242,29357,153,2,0,5,1,2024-11-11 20:00:00,453
cnt_20241018_024,2024-10,1202,907,1070,21128,708,6,1,23,5,2024-11-22 08:00:00,1739
cnt_20241004_013,2024-10,914,686,809,95759,370,4,2,321,93,2024-11-08 07:00:00,1290
cnt_20241012_013,2024-10,470,371,438,6899,300,2,1,7,2,2024-11-16 13:00:00,736
cnt_20241011_036,2024-10,214,164,194,21916,101,1,0,5,1,2024-11-15 18:00:00,328
cnt_20241005_013,2024-10,1852,1257,1483,36644,1003,6,5,34,7,2024-11-09 15:00:00,3311
cnt_20241030_043,2024-10,272,203,240,21063,143,1,0,71,20,2024-12-04 16:00:00,526
cnt_20241010_028,2024-10,139,103,122,13277,67,1,0,2,1,2024-11-14 15:00:00,271
cnt_20241018_008,2024-10,65,43,51,6199,26,0,0,15,5,2024-11-22 13:00:00,109
cnt_20241028_022,2024-10,2020,1437,1696,32921,1147,9,3,30,6,2024-12-02 12:00:00,3529
cnt_20241026_027,2024-10,391,308,363,8496,214,1,0,136,27,2024-11-30 19:00:00,807
cnt_20241016_015,2024-10,310,223,263,7558,151,2,1,5,1,2024-11-20 19:00:00,478
cnt_20241024_051,2024-10,269,188,222,5272,119,1,0,5,1,2024-11-28 18:00:00,545
cnt_20241024_012,2024-10,134,98,116,14636,68,1,0,3,0,2024-11-28 20:00:00,243
cnt_20241028_038,2024-10,246,187,221,22857,101,1,0,5,1,2024-12-02 18:00:00,458
cnt_20241009_023,2024-10,467,333,393,6743,293,2,1,137,27,2024-11-13 07:00:00,967
cnt_20241012_023,2024-10,1326,1014,1197,17511,813,7,3,28,6,2024-11-16 15:00:00,2809
cnt_20241009_045,2024-10,73,48,57,1954,32,0,0,23,4,2024-11-13 12:00:00,122
cnt_20241016_051,2024-10,398,310,366,9099,202,1,1,6,1,2024-11-20 16:00:00,775
cnt_20241003_040,2024-10,404,269,317,7609,206,1,0,7,1,2024-11-07 09:00:00,859
cnt_20241004_023,2024-10,987,770,909,21116,513,4,2,19,4,2024-11-08 08:00:00,1609
cnt_20241029_009,2024-10,334,230,271,39273,101,1,0,6,1,2024-12-03 10:00:00,477
cnt_20241016_031,2024-10,406,282,333,46627,188,2,1,8,1,2024-11-20 22:00:00,565
cnt_20241025_012,2024-10,235,159,188,18945,96,1,0,4,1,2024-11-29 16:00:00,441
cnt_20241029_016,2024-10,458,339,400,12573,201,3,1,8,1,2024-12-03 14:00:00,703
cnt_20241003_022,2024-10,759,510,602,140929,397,2,2,13,3,2024-11-07 08:00:00,1073
cnt_20241011_038,2024-10,333,220,260,6271,164,2,1,73,14,2024-11-15 17:00:00,695
cnt_20241007_016,2024-10,197,145,171,15812,82,1,0,67,20,2024-11-11 09:00:00,382
cnt_20241023_022,2024-10,805,535,631,19380,401,5,2,12,2,2024-11-27 12:00:00,1141
cnt_20241016_024,2024-10,1342,974,1149,28043,608,3,2,445,88,2024-11-20 10:00:00,2641
cnt_20241014_016,2024-10,529,381,450,12594,257,2,1,8,1,2024-11-18 17:00:00,993
cnt_20241026_024,2024-10,224,150,177,26839,100,1,0,4,1,2024-11-30 20:00:00,312
cnt_20241017_053,2024-10,378,295,348,45714,180,2,1,8,1,2024-11-21 21:00:00,839
cnt_20241017_033,2024-10,656,491,579,90427,326,1,1,11,2,2024-11-21 19:00:00,1133
cnt_20241015_006,2024-10,303,215,254,30921,104,1,1,6,2,2024-11-19 07:00:00,419
cnt_20241014_048,2024-10,1930,1443,1703,37658,1108,5,3,37,7,2024-11-18 15:00:00,3099
cnt_20241021_017,2024-10,414,299,353,8557,197,2,1,7,2,2024-11-25 10:00:00,560
cnt_20241005_003,2024-10,181,122,144,3120,90,1,0,3,0,2024-11-09 07:00:00,332
cnt_20241019_032,2024-10,333,232,274,8504,158,1,1,6,1,2024-11-23 17:00:00,681
cnt_20241016_046,2024-10,1070,725,856,27317,455,6,2,276,55,2024-11-20 19:00:00,1579
cnt_20241028_026,2024-10,1866,1297,1530,42776,855,8,5,25,5,2024-12-02 08:00:00,3967
cnt_20241001_018,2024-10,140,97,114,19207,35,1,0,41,12,2024-11-05 18:00:00,268
cnt_20241001_022,2024-10,1166,835,985,25070,521,7,3,336,66,2024-11-05 16:00:00,2405
cnt_20241023_017,2024-10,573,399,471,98618,272,2,1,8,2,2024-11-27 16:00:00,929
cnt_20241025_010,2024-10,276,184,217,37287,124,1,1,4,1,2024-11-29 18:00:00,384
cnt_20241001_037,2024-10,903,597,704,68213,397,4,1,15,5,2024-11-05 10:00:00,1412
cnt_20241022_038,2024-10,445,352,415,7420,231,2,1,8,2,2024-11-26 17:00:00,995
cnt_20241012_020,2024-10,376,256,302,8483,180,1,0,90,18,2024-11-16 10:00:00,703
cnt_20241003_046,2024-10,853,665,785,14759,423,2,2,18,4,2024-11-07 16:00:00,1610
cnt_20241017_013,2024-10,185,141,166,3345,96,1,0,3,0,2024-11-21 12:00:00,407
cnt_20241010_038,2024-10,580,419,494,18677,192,3,0,12,3,2024-11-14 10:00:00,1247
cnt_20241023_004,2024-10,488,337,398,43722,170,1,1,9,3,2024-11-27 10:00:00,990
cnt_20241022_022,2024-10,431,284,335,9638,169,2,1,7,1,2024-11-26 12:00:00,923
cnt_20241019_010,2024-10,337,242,286,36203,137,1,0,6,2,2024-11-23 15:00:00,724
cnt_20241022_024,2024-10,314,216,255,5181,190,1,1,5,1,2024-11-26 08:00:00,547
cnt_20241031_010,2024-10,986,733,865,20069,503,4,3,19,4,2024-12-05 16:00:00,1602
cnt_20241016_040,2024-10,205,157,185,17690,107,1,1,4,1,2024-11-20 20:00:00,382
cnt_20241005_022,2024-10,573,391,461,76387,171,2,1,143,42,2024-11-09 16:00:00,784
cnt_20241002_008,2024-10,502,326,385,11108,221,2,1,7,1,2024-11-06 17:00:00,823
cnt_20241024_016,2024-10,385,263,310,8337,194,2,1,6,1,2024-11-28 09:00:00,833
cnt_20241016_049,2024-10,455,310,366,12343,196,3,1,8,2,2024-11-20 15:00:00,714
cnt_20241021_034,2024-10,1495,1126,1329,25122,782,7,2,474,94,2024-11-25 07:00:00,3033
cnt_20241023_027,2024-10,1549,1081,1276,41083,660,5,2,27,6,2024-11-27 07:00:00,2238
cnt_20241024_044,2024-10,131,93,110,13871,50,0,0,3,1,2024-11-28 15:00:00,204
cnt_20241029_021,2024-10,135,92,109,15842,47,1,0,37,11,2024-12-03 11:00:00,220
cnt_20241014_002,2024-10,130,100,118,3025,64,1,0,37,8,2024-11-18 12:00:00,180
cnt_20241017_049,2024-10,762,575,678,16962,416,4,1,14,3,2024-11-21 10:00:00,1099
cnt_20241031_036,2024-10,297,218,257,6237,165,2,1,6,1,2024-12-05 16:00:00,660
cnt_20241003_011,2024-10,342,271,320,10183,125,1,0,123,24,2024-11-07 15:00:00,637
cnt_20241004_035,2024-10,1065,747,881,27780,458,3,1,14,3,2024-11-08 08:00:00,2094
cnt_20241029_002,2024-10,87,62,73,8752,37,1,0,26,8,2024-12-03 17:00:00,190
cnt_20241029_027,2024-10,645,502,592,11373,332,1,1,12,2,2024-12-03 07:00:00,1074
cnt_20241010_008,2024-10,512,334,394,47106,287,2,1,9,2,2024-11-14 19:00:00,968
cnt_20241014_034,2024-10,372,262,309,79710,169,1,1,6,1,2024-11-18 07:00:00,572
cnt_20241024_020,2024-10,1723,1141,1346,180013,859,6,4,26,4,2024-11-28 18:00:00,2755
cnt_20241022_019,2024-10,195,130,153,3735,95,1,1,4,1,2024-11-26 18:00:00,412
cnt_20241031_013,2024-10,121,88,104,12864,44,1,0,34,10,2024-12-05 09:00:00,269
cnt_20241025_024,2024-10,655,493,582,17950,295,1,2,13,2,2024-11-29 07:00:00,1076
cnt_20241022_039,2024-10,481,377,445,9324,260,2,1,10,2,2024-11-26 12:00:00,1050
cnt_20241008_002,2024-10,180,138,163,4006,93,1,0,3,0,2024-11-12 12:00:00,276
cnt_20241002_036,2024-10,664,453,535,13901,318,3,1,10,2,2024-11-06 10:00:00,1363
cnt_20241019_034,2024-10,109,86,101,13669,36,1,0,34,10,2024-11-23 16:00:00,162
cnt_20241030_007,2024-10,433,287,339,9407,207,2,1,6,1,2024-12-04 08:00:00,852
cnt_20241001_004,2024-10,1227,862,1017,139962,518,3,1,17,5,2024-11-05 09:00:00,2648
cnt_20241022_028,2024-10,119,82,97,11683,50,1,0,2,1,2024-11-26 14:00:00,165
cnt_20241017_062,2024-10,997,774,913,153460,576,3,2,20,4,2024-11-21 13:00:00,1535
cnt_20241023_011,2024-10,1025,666,786,116869,296,4,3,291,84,2024-11-27 17:00:00,1421
cnt_20241024_008,2024-10,190,143,169,3824,97,1,0,3,0,2024-11-28 10:00:00,315
cnt_20241003_034,2024-10,1083,707,834,18481,634,6,1,237,47,2024-11-07 11:00:00,1619
cnt_20241011_042,2024-10,434,283,334,9917,231,2,1,6,2,2024-11-15 08:00:00,944
cnt_20241026_028,2024-10,890,674,795,142922,454,4,1,18,4,2024-11-30 10:00:00,1527
cnt_20241031_040,2024-10,395,273,322,5829,222,2,0,7,2,2024-12-05 16:00:00,545
cnt_20241004_038,2024-10,152,111,131,2634,89,1,0,2,0,2024-11-08 10:00:00,337
cnt_20241002_001,2024-10,645,464,548,109869,350,1,1,11,2,2024-11-06 14:00:00,953
cnt_20241019_033,2024-10,621,451,532,11534,304,4,1,9,2,2024-11-23 13:00:00,867
cnt_20241003_032,2024-10,367,260,307,51547,195,2,0,7,2,2024-11-07 14:00:00,586
cnt_20241026_034,2024-10,324,241,284,5905,154,1,0,6,2,2024-11-30 13:00:00,596
cnt_20241014_031,2024-10,124,97,114,14633,46,1,0,40,12,2024-11-18 07:00:00,187
cnt_20241009_038,2024-10,141,99,117,15785,64,0,0,3,0,2024-11-13 22:00:00,238
cnt_20241016_045,2024-10,851,611,721,14948,409,3,2,12,2,2024-11-20 08:00:00,1787
cnt_20241004_032,2024-10,359,262,309,6982,218,2,1,6,1,2024-11-08 15:00:00,528
cnt_20241012_014,2024-10,76,54,64,2006,34,0,0,26,5,2024-11-16 08:00:00,143
cnt_20241010_035,2024-10,3989,3034,3580,97157,1979,12,4,75,15,2024-11-14 19:00:00,6672
cnt_20241022_036,2024-10,1277,965,1139,16717,803,7,3,24,5,2024-11-26 15:00:00,2373
cnt_20241026_019,2024-10,392,298,352,7004,227,1,0,8,1,2024-11-30 09:00:00,781
cnt_20241020_027,2024-10,138,101,119,3031,72,1,0,37,7,2024-11-24 18:00:00,209
cnt_20241002_032,2024-10,689,488,576,19061,253,3,2,11,2,2024-11-06 17:00:00,1077
cnt_20241029_005,2024-10,205,158,186,4327,117,1,0,4,1,2024-12-03 17:00:00,372
cnt_20241027_030,2024-10,92,71,84,1932,37,0,0,24,4,2024-12-01 09:00:00,179
cnt_20241017_026,2024-10,1496,1143,1349,158109,487,9,1,384,111,2024-11-21 07:00:00,2187
cnt_20241018_054,2024-10,80,56,66,9674,32,0,0,25,8,2024-11-22 17:00:00,160
cnt_20241019_016,2024-10,523,399,471,46978,243,3,1,9,1,2024-11-23 20:00:00,877
cnt_20241007_036,2024-10,593,414,489,12276,347,2,1,10,2,2024-11-11 10:00:00,1128
cnt_20241028_044,2024-10,567,399,471,63439,240,3,1,11,1,2024-12-02 19:00:00,1104
cnt_20241024_018,2024-10,100,78,92,2095,57,0,0,32,6,2024-11-28 11:00:00,144
cnt_20241002_010,2024-10,133,93,110,2427,63,1,0,2,1,2024-11-06 10:00:00,275
cnt_20241009_029,2024-10,1143,872,1029,84224,521,4,2,24,7,2024-11-13 09:00:00,2240
cnt_20241018_025,2024-10,2733,2105,2484,392933,1443,8,7,57,11,2024-11-22 14:00:00,6045
cnt_20241004_030,2024-10,402,269,317,9391,200,2,1,6,1,2024-11-08 10:00:00,801
cnt_20241022_023,2024-10,579,413,487,65355,265,3,1,10,1,2024-11-26 19:00:00,1201
cnt_20241008_008,2024-10,306,224,264,7626,126,2,1,5,1,2024-11-12 16:00:00,515
cnt_20241027_028,2024-10,878,642,758,100240,455,4,1,13,2,2024-12-01 21:00:00,1513
cnt_20241010_005,2024-10,1389,976,1152,191414,781,7,2,27,5,2024-11-14 08:00:00,2663
cnt_20241001_028,2024-10,182,119,140,5190,79,1,0,2,0,2024-11-05 13:00:00,382
cnt_20241027_001,2024-10,261,189,223,4547,132,1,1,4,1,2024-12-01 14:00:00,381
cnt_20241021_012,2024-10,162,117,138,16317,66,0,0,49,14,2024-11-25 12:00:00,248
cnt_20241001_017,2024-10,458,299,353,11940,204,1,1,7,2,2024-11-05 09:00:00,743
cnt_20241011_045,2024-10,535,379,447,11178,303,3,1,10,2,2024-11-15 16:00:00,916
cnt_20241022_034,2024-10,289,202,238,6814,116,1,0,95,18,2024-11-26 14:00:00,446
cnt_20241027_015,2024-10,130,96,113,3214,66,0,0,3,1,2024-12-01 10:00:00,197
cnt_20241011_029,2024-10,1738,1214,1433,33738,983,8,2,402,79,2024-11-15 09:00:00,3366
cnt_20241005_014,2024-10,227,151,178,28258,104,1,0,3,1,2024-11-09 18:00:00,449
cnt_20241018_039,2024-10,1104,812,958,24948,473,4,2,18,4,2024-11-22 14:00:00,1765
cnt_20241022_005,2024-10,2144,1571,1854,45804,1078,6,6,753,149,2024-11-26 08:00:00,3587
cnt_20241015_002,2024-10,285,189,223,27482,114,2,1,76,22,2024-11-19 11:00:00,469
cnt_20241014_035,2024-10,866,573,676,120564,295,2,1,16,2,2024-11-18 21:00:00,1679
cnt_20241006_023,2024-10,599,458,540,68424,276,2,1,9,1,2024-11-10 19:00:00,1290
cnt_20241021_026,2024-10,121,83,98,11156,38,1,0,39,11,2024-11-25 18:00:00,166
cnt_20241020_007,2024-10,742,494,583,18403,342,2,2,14,2,2024-11-24 11:00:00,1101
cnt_20241015_003,2024-10,354,246,290,29270,189,1,0,5,1,2024-11-19 22:00:00,488
cnt_20241027_007,2024-10,103,81,96,1945,56,0,0,2,0,2024-12-01 19:00:00,209
cnt_20241011_039,2024-10,313,203,240,49867,140,1,0,4,1,2024-11-15 17:00:00,575
cnt_20241029_003,2024-10,130,85,100,2914,62,0,0,2,0,2024-12-03 14:00:00,268
cnt_20241015_017,2024-10,242,180,212,31280,114,1,1,5,1,2024-11-19 21:00:00,519
cnt_20241028_046,2024-10,190,135,159,4864,85,0,0,3,1,2024-12-02 07:00:00,366
cnt_20241017_040,2024-10,205,141,166,41853,91,1,0,3,0,2024-11-21 09:00:00,330
cnt_20241015_038,2024-10,63,42,50,1550,30,0,0,1,0,2024-11-19 17:00:00,133
cnt_20241012_016,2024-10,545,358,422,97345,242,2,1,9,2,2024-11-16 08:00:00,895
cnt_20241031_046,2024-10,615,455,537,67504,335,2,2,9,2,2024-12-05 19:00:00,1089
cnt_20241014_056,2024-10,279,208,245,27102,132,1,1,4,1,2024-11-18 19:00:00,619
cnt_20241007_018,2024-10,329,238,281,48211,154,2,0,5,1,2024-11-11 12:00:00,653
cnt_20241004_050,2024-10,435,311,367,7787,229,3,1,130,25,2024-11-08 17:00:00,798
cnt_20241023_038,2024-10,64,48,57,1213,38,0,0,1,0,2024-11-27 16:00:00,142
cnt_20241016_038,2024-10,284,205,242,5858,129,1,1,5,1,2024-11-20 14:00:00,592
cnt_20241010_020,2024-10,466,341,402,9730,245,3,1,10,1,2024-11-14 13:00:00,807
cnt_20241006_010,2024-10,2000,1578,1862,37623,964,7,5,36,7,2024-11-10 10:00:00,3794
cnt_20241011_050,2024-10,265,207,244,3694,176,2,1,5,1,2024-11-15 11:00:00,467
cnt_20241004_033,2024-10,2667,1862,2197,213094,1092,9,6,42,12,2024-11-08 14:00:00,5561
cnt_20241023_037,2024-10,165,107,126,4309,76,1,0,3,0,2024-11-27 15:00:00,353
cnt_20241014_054,2024-10,666,512,604,59639,388,4,1,11,2,2024-11-18 20:00:00,1171
cnt_20241003_004,2024-10,1673,1304,1539,129874,908,4,2,36,6,2024-11-07 19:00:00,3374
cnt_20241001_036,2024-10,200,132,156,23113,74,0,0,43,13,2024-11-05 17:00:00,287
cnt_20241030_047,2024-10,645,472,557,10539,338,2,1,11,2,2024-12-04 07:00:00,970
cnt_20241009_042,2024-10,188,131,155,2650,111,0,1,3,0,2024-11-13 18:00:00,287
cnt_20241023_016,2024-10,1288,909,1073,25949,626,7,2,21,4,2024-11-27 07:00:00,2376
cnt_20241009_012,2024-10,365,262,309,32673,178,1,0,5,0,2024-11-13 19:00:00,682
cnt_20241030_025,2024-10,458,362,427,11709,215,1,1,7,1,2024-12-04 07:00:00,901
cnt_20241027_016,2024-10,1938,1447,1707,48468,875,10,3,32,6,2024-12-01 09:00:00,3297
cnt_20241010_018,2024-10,281,213,251,25414,108,2,1,69,20,2024-11-14 14:00:00,585
cnt_20241001_003,2024-10,1034,677,799,116136,440,6,2,258,74,2024-11-05 15:00:00,2231
cnt_20241006_016,2024-10,538,408,481,8974,295,1,1,11,2,2024-11-10 10:00:00,908
cnt_20241018_030,2024-10,2282,1527,1802,48674,1202,11,3,34,6,2024-11-22 14:00:00,5019
cnt_20241014_043,2024-10,933,621,733,21113,371,5,2,13,2,2024-11-18 12:00:00,1543
cnt_20241021_051,2024-10,788,607,716,17571,403,4,1,16,3,2024-11-25 09:00:00,1140
cnt_20241019_020,2024-10,97,72,85,10469,49,1,0,2,1,2024-11-23 21:00:00,204
cnt_20241014_049,2024-10,148,107,126,17336,51,0,0,3,1,2024-11-18 19:00:00,316
cnt_20241031_019,2024-10,471,369,435,59805,174,2,1,9,2,2024-12-05 08:00:00,705
cnt_20241023_030,2024-10,1189,773,912,27615,564,5,3,344,68,2024-11-27 11:00:00,2628
cnt_20241027_024,2024-10,164,121,143,3123,92,1,0,3,1,2024-12-01 17:00:00,353
cnt_20241023_014,2024-10,256,185,218,6039,120,1,0,4,1,2024-11-27 14:00:00,520
cnt_20241006_031,2024-10,1229,850,1003,30307,607,6,1,353,70,2024-11-10 07:00:00,1778
cnt_20241005_017,2024-10,442,333,393,11087,214,2,1,7,1,2024-11-09 15:00:00,794
cnt_20241014_044,2024-10,186,125,148,23397,66,1,0,57,17,2024-11-18 12:00:00,360
cnt_20241010_023,2024-10,508,377,445,12344,229,2,0,177,35,2024-11-14 08:00:00,724
cnt_20241013_020,2024-10,471,329,388,7471,261,2,1,149,30,2024-11-17 08:00:00,692
cnt_20241010_052,2024-10,59,41,48,7526,14,0,0,16,5,2024-11-14 13:00:00,119
cnt_20241010_050,2024-10,884,602,710,17432,382,3,2,14,3,2024-11-14 18:00:00,1669
cnt_20241016_010,2024-10,641,488,576,13839,321,3,2,13,2,2024-11-20 10:00:00,1244
cnt_20241001_021,2024-10,435,301,355,7033,227,1,1,7,1,2024-11-05 16:00:00,645
cnt_20241009_037,2024-10,257,195,230,29241,106,1,1,5,1,2024-11-13 18:00:00,430
cnt_20241011_015,2024-10,2900,1923,2269,384068,905,6,5,46,13,2024-11-15 08:00:00,5192
cnt_20241009_004,2024-10,220,157,185,4005,112,1,0,4,0,2024-11-13 17:00:00,308
cnt_20241025_019,2024-10,453,327,386,39382,222,2,1,7,1,2024-11-29 19:00:00,869
cnt_20241001_039,2024-10,546,367,433,9229,292,3,1,8,2,2024-11-05 10:00:00,1136
cnt_20241026_031,2024-10,85,58,68,1719,40,0,0,2,1,2024-11-30 08:00:00,127
cnt_20241014_014,2024-10,529,386,455,12054,276,2,0,9,2,2024-11-18 14:00:00,1146
cnt_20241001_033,2024-10,966,681,804,22423,502,5,2,239,47,2024-11-05 14:00:00,1456
cnt_20241027_023,2024-10,624,490,578,45980,322,2,1,159,46,2024-12-01 14:00:00,1129
cnt_20241004_037,2024-10,1426,1093,1290,27743,850,8,3,22,4,2024-11-08 14:00:00,2902
cnt_20241031_018,2024-10,577,441,520,51034,340,3,1,9,1,2024-12-05 22:00:00,1291
cnt_20241018_051,2024-10,316,238,281,4952,176,1,0,5,1,2024-11-22 10:00:00,658
cnt_20241002_023,2024-10,244,164,194,6614,107,1,0,4,1,2024-11-06 14:00:00,518
cnt_20241003_024,2024-10,165,111,131,4521,54,0,0,44,9,2024-11-07 12:00:00,308
cnt_20241008_028,2024-10,200,138,163,3408,104,1,1,4,0,2024-11-12 10:00:00,375
cnt_20241017_005,2024-10,1017,740,873,28511,449,3,3,20,4,2024-11-21 09:00:00,2034
cnt_20241024_034,2024-10,432,291,343,12954,169,2,1,109,22,2024-11-28 19:00:00,933
cnt_20241003_017,2024-10,863,585,690,64033,480,5,2,12,2,2024-11-07 21:00:00,1670
cnt_20241008_032,2024-10,252,189,223,5990,110,1,0,5,1,2024-11-12 17:00:00,405
cnt_20241017_061,2024-10,210,142,168,5738,89,1,1,4,1,2024-11-21 15:00:00,463
cnt_20241018_042,2024-10,174,132,156,4145,90,0,0,4,1,2024-11-22 07:00:00,319
cnt_20241017_047,2024-10,179,119,140,3040,91,1,0,44,8,2024-11-21 15:00:00,324
cnt_20241003_008,2024-10,1574,1186,1399,34544,736,7,2,28,5,2024-11-07 09:00:00,2510
cnt_20241030_040,2024-10,918,599,707,184499,410,3,2,14,3,2024-12-04 12:00:00,1982
cnt_20241004_047,2024-10,226,157,185,23817,106,1,0,4,1,2024-11-08 20:00:00,308
cnt_20241021_007,2024-10,657,429,506,17086,304,2,1,194,39,2024-11-25 10:00:00,939
cnt_20241029_010,2024-10,1693,1180,1392,28788,840,6,3,30,6,2024-12-03 08:00:00,3404
cnt_20241019_012,2024-10,452,331,391,44658,250,2,1,8,1,2024-11-23 22:00:00,809
cnt_20241028_018,2024-10,221,148,175,4291,115,1,0,4,1,2024-12-02 18:00:00,484
cnt_20241005_027,2024-10,213,139,164,5315,89,1,0,4,1,2024-11-09 08:00:00,361
cnt_20241013_027,2024-10,206,137,162,4438,103,1,0,54,11,2024-11-17 12:00:00,408
cnt_20241027_017,2024-10,112,77,91,12814,45,0,0,2,0,2024-12-01 21:00:00,215
cnt_20241016_035,2024-10,1055,778,918,24539,549,2,1,19,4,2024-11-20 07:00:00,1780
cnt_20241004_052,2024-10,1740,1193,1408,28312,945,6,3,27,6,2024-11-08 08:00:00,3549
cnt_20241009_016,2024-10,32,22,26,651,15,0,0,8,2,2024-11-13 08:00:00,70
cnt_20241022_020,2024-10,828,612,722,185860,347,4,2,12,3,2024-11-26 14:00:00,1613
cnt_20241003_019,2024-10,537,411,485,77433,326,2,1,10,2,2024-11-07 14:00:00,1086
cnt_20241001_030,2024-10,46,36,42,5602,13,0,0,1,0,2024-11-05 13:00:00,64
cnt_20241024_028,2024-10,246,186,219,6070,110,1,0,4,1,2024-11-28 07:00:00,412
cnt_20241011_031,2024-10,594,398,470,15883,235,3,1,132,26,2024-11-15 07:00:00,843
cnt_20241021_049,2024-10,1164,882,1041,20906,661,7,3,18,4,2024-11-25 12:00:00,1686
cnt_20241028_017,2024-10,359,270,319,31623,150,2,0,6,2,2024-12-02 09:00:00,690
cnt_20241030_038,2024-10,266,177,209,5198,143,1,1,4,1,2024-12-04 14:00:00,590
cnt_20241027_006,2024-10,583,409,483,13250,287,2,1,147,29,2024-12-01 09:00:00,874
cnt_20241020_023,2024-10,228,155,183,4458,98,1,1,4,0,2024-11-24 14:00:00,366
cnt_20241018_056,2024-10,443,343,405,50973,176,2,1,159,46,2024-11-22 13:00:00,765
cnt_20241014_029,2024-10,920,630,743,20150,393,3,2,287,57,2024-11-18 10:00:00,1484
cnt_20241003_029,2024-10,83,61,72,9146,30,0,0,28,8,2024-11-07 07:00:00,166
cnt_20241006_011,2024-10,743,495,584,13957,389,1,1,12,3,2024-11-10 12:00:00,1381
cnt_20241018_038,2024-10,488,323,381,69332,188,2,1,8,2,2024-11-22 21:00:00,1077
cnt_20241025_038,2024-10,797,619,730,12566,477,2,2,13,3,2024-11-29 11:00:00,1189
cnt_20241018_003,2024-10,499,357,421,98909,229,1,1,7,1,2024-11-22 08:00:00,903
cnt_20241021_048,2024-10,610,399,471,13570,227,1,2,11,2,2024-11-25 10:00:00,842
cnt_20241009_011,2024-10,476,345,407,9668,251,2,1,7,2,2024-11-13 10:00:00,694
cnt_20241009_027,2024-10,868,610,720,92119,388,2,1,199,58,2024-11-13 15:00:00,1848
cnt_20241025_052,2024-10,285,213,251,30690,144,1,1,5,1,2024-11-29 22:00:00,636
cnt_20241015_010,2024-10,2156,1406,1659,46529,1095,7,3,36,7,2024-11-19 14:00:00,3159
cnt_20241017_057,2024-10,352,260,307,32410,138,2,1,5,1,2024-11-21 08:00:00,505
cnt_20241026_002,2024-10,659,452,533,16101,333,4,2,9,2,2024-11-30 09:00:00,1246
cnt_20241028_045,2024-10,655,433,511,13620,271,1,2,11,3,2024-12-02 07:00:00,1228
cnt_20241029_019,2024-10,205,158,186,3523,134,1,1,4,1,2024-12-03 07:00:00,277
cnt_20241026_036,2024-10,596,427,504,13218,311,1,1,11,3,2024-11-30 12:00:00,974
cnt_20241003_047,2024-10,169,122,144,3301,86,0,0,52,10,2024-11-07 13:00:00,303
cnt_20241024_038,2024-10,342,243,287,5695,179,1,0,99,20,2024-11-28 15:00:00,737
cnt_20241018_022,2024-10,402,276,326,47300,117,1,0,106,30,2024-11-22 19:00:00,549
cnt_20241002_029,2024-10,195,149,176,21191,81,1,0,48,14,2024-11-06 14:00:00,305
cnt_20241008_034,2024-10,1031,712,840,107204,427,4,3,20,6,2024-11-12 07:00:00,1480
cnt_20241012_022,2024-10,1149,786,927,23013,502,3,2,262,52,2024-11-16 19:00:00,2274
cnt_20241007_013,2024-10,110,83,98,1765,68,1,0,2,0,2024-11-11 07:00:00,151
cnt_20241010_006,2024-10,421,320,378,68999,251,2,1,7,2,2024-11-14 12:00:00,650
cnt_20241024_013,2024-10,655,443,523,10066,367,3,1,11,3,2024-11-28 07:00:00,1381
cnt_20241030_002,2024-10,120,79,93,10951,42,1,0,2,0,2024-12-04 15:00:00,211
cnt_20241002_011,2024-10,788,579,683,19636,369,3,1,12,2,2024-11-06 09:00:00,1196
cnt_20241021_020,2024-10,168,132,156,3416,91,1,0,3,1,2024-11-25 08:00:00,351
cnt_20241028_043,2024-10,861,631,745,14797,489,2,2,260,51,2024-12-02 10:00:00,1925
cnt_20241019_002,2024-10,857,649,766,150642,387,4,2,13,3,2024-11-23 14:00:00,1417
cnt_20241009_006,2024-10,575,451,532,8248,337,3,1,10,2,2024-11-13 13:00:00,1065
cnt_20241019_003,2024-10,704,510,602,86028,236,4,1,222,65,2024-11-23 19:00:00,1164
cnt_20241004_001,2024-10,332,221,261,7170,171,1,0,6,1,2024-11-08 10:00:00,453
cnt_20241004_018,2024-10,701,481,568,96656,296,3,1,11,1,2024-11-08 21:00:00,1294
cnt_20241022_011,2024-10,53,35,41,6469,19,0,0,1,0,2024-11-26 19:00:00,118
cnt_20241003_016,2024-10,246,176,208,20222,128,1,0,70,20,2024-11-07 15:00:00,416
cnt_20241003_001,2024-10,60,43,51,1383,29,0,0,1,0,2024-11-07 09:00:00,82
cnt_20241015_041,2024-10,574,445,525,78865,173,2,1,168,49,2024-11-19 07:00:00,1239
cnt_20241026_008,2024-10,651,442,522,12765,345,1,2,12,2,2024-11-30 12:00:00,1383
cnt_20241006_017,2024-10,391,293,346,10637,140,1,1,8,1,2024-11-10 07:00:00,610
cnt_20241018_048,2024-10,457,346,408,10095,242,2,1,9,2,2024-11-22 15:00:00,954
cnt_20241026_018,2024-10,329,236,278,5901,174,1,0,6,1,2024-11-30 17:00:00,694
cnt_20241008_020,2024-10,129,84,99,11018,64,0,0,2,1,2024-11-12 22:00:00,247
cnt_20241026_037,2024-10,562,422,498,72054,309,2,1,9,2,2024-11-30 12:00:00,833
cnt_20241023_002,2024-10,1262,852,1005,247515,610,6,2,18,4,2024-11-27 17:00:00,2752
cnt_20241004_059,2024-10,141,102,120,28269,71,0,0,3,1,2024-11-08 19:00:00,285
cnt_20241012_007,2024-10,537,420,496,52630,222,3,1,9,2,2024-11-16 17:00:00,1187
cnt_20241003_036,2024-10,1128,806,951,122299,549,6,1,20,3,2024-11-07 18:00:00,2159
cnt_20241019_017,2024-10,1831,1384,1633,28438,1118,10,2,35,7,2024-11-23 08:00:00,2550
cnt_20241021_041,2024-10,3222,2229,2630,65388,1492,16,4,53,11,2024-11-25 08:00:00,6973
cnt_20241031_021,2024-10,150,100,118,21599,59,1,0,2,1,2024-12-05 18:00:00,334
cnt_20241028_008,2024-10,700,546,644,89890,382,4,1,12,2,2024-12-02 12:00:00,1382
cnt_20241021_005,2024-10,460,317,374,55987,168,2,0,147,42,2024-11-25 10:00:00,757
cnt_20241016_017,2024-10,921,672,793,19819,388,5,2,289,58,2024-11-20 16:00:00,1864
cnt_20241017_048,2024-10,334,261,308,42618,190,2,1,7,1,2024-11-21 11:00:00,631
cnt_20241013_007,2024-10,1210,950,1121,98524,608,7,3,22,7,2024-11-17 19:00:00,2286
cnt_20241031_052,2024-10,240,159,188,29260,119,1,1,4,0,2024-12-05 21:00:00,518
cnt_20241007_041,2024-10,241,185,218,21566,110,1,1,80,23,2024-11-11 07:00:00,401
cnt_20241014_001,2024-10,1300,925,1092,26007,765,6,1,19,3,2024-11-18 15:00:00,2508
cnt_20241011_048,2024-10,327,244,288,6725,192,2,1,6,1,2024-11-15 09:00:00,700
cnt_20241030_009,2024-10,579,425,502,14285,289,2,1,167,33,2024-12-04 15:00:00,1004
cnt_20241008_016,2024-10,230,172,203,22724,82,1,0,4,1,2024-11-12 17:00:00,462
cnt_20241029_001,2024-10,204,158,186,3613,128,1,0,4,1,2024-12-03 10:00:00,344
cnt_20241031_047,2024-10,235,155,183,6494,94,1,0,4,1,2024-12-05 14:00:00,394
cnt_20241003_007,2024-10,353,250,295,8664,166,2,1,5,1,2024-11-07 11:00:00,495
cnt_20241026_033,2024-10,2801,1826,2155,57431,1321,6,6,46,9,2024-11-30 10:00:00,5199
cnt_20241030_005,2024-10,374,290,342,7485,188,2,1,7,1,2024-12-04 18:00:00,819
cnt_20241001_013,2024-10,609,435,513,44948,339,4,0,8,1,2024-11-05 22:00:00,1009
cnt_20241015_016,2024-10,180,121,143,4521,75,1,0,2,1,2024-11-19 19:00:00,363
cnt_20241020_002,2024-10,379,298,352,35769,213,2,1,7,1,2024-11-24 22:00:00,516
cnt_20241020_004,2024-10,106,79,93,1798,58,1,0,2,1,2024-11-24 09:00:00,209
cnt_20241004_002,2024-10,1702,1172,1383,40824,678,9,2,23,5,2024-11-08 14:00:00,3413
cnt_20241014_026,2024-10,1263,910,1074,26237,678,6,1,24,5,2024-11-18 13:00:00,2246
cnt_20241027_037,2024-10,558,407,480,79043,325,2,1,11,2,2024-12-01 10:00:00,995
cnt_20241019_014,2024-10,1397,1103,1302,176944,793,8,1,28,5,2024-11-23 08:00:00,2045
cnt_20241016_041,2024-10,68,52,61,5781,25,0,0,1,0,2024-11-20 15:00:00,132
cnt_20241008_044,2024-10,53,39,46,897,34,0,0,1,0,2024-11-12 18:00:00,74
cnt_20241024_007,2024-10,192,144,170,3723,82,0,0,3,0,2024-11-28 15:00:00,313
cnt_20241016_037,2024-10,1283,936,1104,233214,606,7,1,21,4,2024-11-20 12:00:00,2696
cnt_20241022_029,2024-10,1243,872,1029,26187,518,4,2,17,4,2024-11-26 16:00:00,2276
cnt_20241018_013,2024-10,491,350,413,92651,212,3,1,9,2,2024-11-22 17:00:00,869
cnt_20241011_021,2024-10,791,584,689,149984,384,4,1,14,3,2024-11-15 18:00:00,1069
cnt_20241020_016,2024-10,306,217,256,5550,154,1,1,6,1,2024-11-24 14:00:00,516
cnt_20241030_004,2024-10,565,428,505,14662,262,2,0,180,36,2024-12-04 11:00:00,1147
cnt_20241024_030,2024-10,167,109,129,21586,58,1,0,43,12,2024-11-28 15:00:00,276
cnt_20241030_001,2024-10,1445,1070,1263,29935,835,4,2,472,93,2024-12-04 14:00:00,2677
cnt_20241006_002,2024-10,518,375,442,71286,281,3,1,8,1,2024-11-10 09:00:00,1025
cnt_20241006_008,2024-10,485,377,445,10461,237,2,1,10,2,2024-11-10 15:00:00,963
cnt_20241014_020,2024-10,142,104,123,16674,66,0,0,2,0,2024-11-18 20:00:00,226
cnt_20241017_009,2024-10,199,149,176,16455,95,1,1,62,18,2024-11-21 09:00:00,384
cnt_20241027_013,2024-10,1042,771,910,23656,528,3,2,341,68,2024-12-01 12:00:00,1774
cnt_20241009_044,2024-10,184,136,160,4691,80,1,1,3,1,2024-11-13 10:00:00,397
cnt_20241010_030,2024-10,306,237,280,47194,160,2,0,6,1,2024-11-14 07:00:00,442
cnt_20241029_008,2024-10,143,96,113,2662,65,0,0,2,1,2024-12-03 10:00:00,228
cnt_20241013_014,2024-10,875,650,767,15354,484,2,2,17,4,2024-11-17 07:00:00,1281
cnt_20241027_018,2024-10,111,86,101,2081,67,1,0,41,8,2024-12-01 08:00:00,219
cnt_20241010_011,2024-10,828,612,722,15551,514,4,1,15,3,2024-11-14 14:00:00,1467
cnt_20241018_009,2024-10,326,215,254,6178,160,2,1,5,1,2024-11-22 14:00:00,711
cnt_20241031_050,2024-10,357,281,332,56575,122,1,1,8,1,2024-12-05 20:00:00,589
cnt_20241026_007,2024-10,407,319,376,9231,223,2,1,6,2,2024-11-30 07:00:00,879
cnt_20241016_009,2024-10,561,444,524,9420,350,3,1,191,37,2024-11-20 14:00:00,1106
cnt_20241004_048,2024-10,351,231,273,35825,124,1,0,96,27,2024-11-08 08:00:00,591
cnt_20241018_050,2024-10,174,119,140,4082,88,1,0,3,1,2024-11-22 12:00:00,321
cnt_20241002_033,2024-10,405,316,373,9269,210,1,1,8,1,2024-11-06 16:00:00,900
cnt_20241030_037,2024-10,450,331,391,84696,240,1,0,9,2,2024-12-04 11:00:00,632
cnt_20241008_039,2024-10,706,510,602,13580,348,3,2,11,3,2024-11-12 16:00:00,1204
cnt_20241025_041,2024-10,357,271,320,7192,173,1,1,8,1,2024-11-29 14:00:00,534
cnt_20241031_041,2024-10,153,116,137,3355,82,0,0,47,9,2024-12-05 07:00:00,250
cnt_20241022_025,2024-10,230,171,202,5036,117,1,0,4,1,2024-11-26 18:00:00,394
cnt_20241007_031,2024-10,133,97,114,18188,70,1,0,2,1,2024-11-11 09:00:00,224
cnt_20241027_003,2024-10,862,568,670,20631,395,5,2,190,37,2024-12-01 12:00:00,1282
cnt_20241012_024,2024-10,689,458,540,20132,259,3,2,194,38,2024-11-16 11:00:00,1496
cnt_20241025_056,2024-10,392,296,349,7450,230,2,1,6,1,2024-11-29 14:00:00,851
cnt_20241007_022,2024-10,208,161,190,3248,134,1,0,4,0,2024-11-11 15:00:00,303
cnt_20241018_049,2024-10,839,614,725,126948,499,2,1,13,3,2024-11-22 14:00:00,1364
cnt_20241028_002,2024-10,477,377,445,7861,251,2,1,144,29,2024-12-02 11:00:00,873
cnt_20241021_038,2024-10,491,362,427,9195,234,2,1,7,1,2024-11-25 11:00:00,1075
cnt_20241003_013,2024-10,282,221,261,2912,218,1,1,5,1,2024-11-07 11:00:00,603
cnt_20241018_033,2024-10,249,193,228,22210,130,1,0,4,1,2024-11-22 18:00:00,424
cnt_20241022_009,2024-10,491,358,422,11585,260,3,1,155,30,2024-11-26 13:00:00,698
cnt_20241006_026,2024-10,540,402,474,55278,297,1,1,9,2,2024-11-10 22:00:00,1034
cnt_20241009_039,2024-10,785,537,634,12643,415,2,2,10,2,2024-11-13 19:00:00,1559
cnt_20241027_014,2024-10,401,292,345,56306,218,2,0,6,1,2024-12-01 13:00:00,782
cnt_20241023_008,2024-10,395,272,321,36470,145,1,1,103,30,2024-11-27 10:00:00,848
cnt_20241026_038,2024-10,2063,1550,1829,33300,1310,8,2,44,8,2024-11-30 07:00:00,3524
cnt_20241029_007,2024-10,396,297,350,33669,154,2,1,124,36,2024-12-03 19:00:00,730
cnt_20241004_058,2024-10,199,147,173,22452,76,1,0,55,16,2024-11-08 11:00:00,279
cnt_20241018_017,2024-10,64,45,53,1220,29,0,0,1,0,2024-11-22 12:00:00,143
cnt_20241004_012,2024-10,370,253,299,7941,153,1,1,6,1,2024-11-08 13:00:00,568
cnt_20241024_043,2024-10,304,205,242,5783,142,1,0,4,1,2024-11-28 09:00:00,542
cnt_20241025_015,2024-10,1526,1130,1333,34843,747,8,3,31,6,2024-11-29 17:00:00,3419
cnt_20241021_047,2024-10,450,345,407,10077,217,2,1,8,2,2024-11-25 09:00:00,957
cnt_20241009_018,2024-10,628,428,505,13314,283,3,1,203,40,2024-11-13 10:00:00,1043
cnt_20241005_026,2024-10,169,122,144,18852,66,1,0,45,13,2024-11-09 07:00:00,243
cnt_20241010_022,2024-10,2512,1737,2050,63150,1201,7,6,39,8,2024-11-14 08:00:00,4290
cnt_20241019_030,2024-10,3030,2243,2647,440532,1640,10,4,54,10,2024-11-23 14:00:00,4102
cnt_20241009_041,2024-10,826,629,742,18356,458,4,1,13,3,2024-11-13 11:00:00,1492
cnt_20241007_032,2024-10,71,48,57,1271,35,0,0,18,4,2024-11-11 16:00:00,96
cnt_20241001_006,2024-10,189,137,162,16335,101,1,0,3,0,2024-11-05 19:00:00,290
cnt_20241014_030,2024-10,378,267,315,7694,182,2,0,7,1,2024-11-18 15:00:00,782
cnt_20241025_046,2024-10,187,127,150,4898,83,1,0,3,0,2024-11-29 08:00:00,290
cnt_20241017_024,2024-10,814,615,726,15285,392,3,2,13,2,2024-11-21 13:00:00,1485
cnt_20241024_032,2024-10,624,447,527,67191,260,3,1,10,1,2024-11-28 22:00:00,1204
cnt_20241031_039,2024-10,439,285,336,10807,206,2,0,5,1,2024-12-05 14:00:00,689
cnt_20241024_041,2024-10,470,324,382,9058,207,2,1,128,25,2024-11-28 19:00:00,807
cnt_20241020_012,2024-10,1617,1087,1283,29419,808,6,2,29,6,2024-11-24 10:00:00,3280
cnt_20241021_030,2024-10,159,115,136,2341,105,0,0,3,0,2024-11-25 18:00:00,287
cnt_20241029_029,2024-10,722,480,566,74733,332,3,1,10,1,2024-12-03 20:00:00,980
cnt_20241029_032,2024-10,849,566,668,184072,371,4,1,13,3,2024-12-03 10:00:00,1182
cnt_20241020_003,2024-10,1181,844,996,101387,473,6,1,316,92,2024-11-24 12:00:00,2185
cnt_20241021_002,2024-10,4606,3096,3653,124412,1814,14,11,1386,275,2024-11-25 17:00:00,7314
cnt_20241024_036,2024-10,436,320,378,9407,230,2,1,7,2,2024-11-28 14:00:00,820
cnt_20241024_023,2024-10,128,97,114,9926,60,1,0,38,11,2024-11-28 13:00:00,285
cnt_20241016_006,2024-10,1484,1119,1320,25026,770,8,3,24,5,2024-11-20 13:00:00,2815
cnt_20241002_027,2024-10,223,176,208,3237,129,1,0,4,0,2024-11-06 17:00:00,489
cnt_20241018_015,2024-10,416,297,350,7207,220,2,0,6,1,2024-11-22 14:00:00,644
cnt_20241023_039,2024-10,914,656,774,14519,485,4,2,17,3,2024-11-27 10:00:00,1564
cnt_20241004_051,2024-10,134,93,110,2433,68,1,0,2,0,2024-11-08 12:00:00,228
cnt_20241015_015,2024-10,295,221,261,27160,130,1,1,89,26,2024-11-19 13:00:00,598
cnt_20241003_018,2024-10,753,498,588,97037,266,2,1,13,4,2024-11-07 16:00:00,1225
cnt_20241003_041,2024-10,150,105,124,4103,68,0,0,3,1,2024-11-07 12:00:00,285
cnt_20241014_028,2024-10,644,468,552,106711,304,3,2,12,3,2024-11-18 11:00:00,1380
cnt_20241004_004,2024-10,174,120,142,16399,84,1,0,3,0,2024-11-08 21:00:00,387
cnt_20241014_046,2024-10,1397,1098,1296,77211,933,4,1,21,3,2024-11-18 21:00:00,1935
cnt_20241025_023,2024-10,1023,756,892,24542,419,5,2,15,3,2024-11-29 08:00:00,1834
cnt_20241019_001,2024-10,934,674,795,24042,441,5,2,242,48,2024-11-23 17:00:00,1477
cnt_20241030_030,2024-10,221,144,170,39410,121,1,0,3,1,2024-12-04 09:00:00,366
cnt_20241009_043,2024-10,336,258,304,28281,174,1,1,5,0,2024-11-13 22:00:00,517
cnt_20241015_043,2024-10,318,221,261,32121,144,2,0,6,1,2024-11-19 20:00:00,613
cnt_20241023_034,2024-10,337,223,263,5687,172,1,0,4,1,2024-11-27 12:00:00,695
cnt_20241029_025,2024-10,216,164,194,3228,137,1,0,4,1,2024-12-03 08:00:00,365
cnt_20241010_016,2024-10,185,135,159,3405,92,1,0,62,12,2024-11-14 12:00:00,312
cnt_20241011_003,2024-10,645,449,530,115225,306,2,1,12,3,2024-11-15 16:00:00,1092
cnt_20241004_016,2024-10,233,171,202,4261,138,1,0,4,0,2024-11-08 15:00:00,381
cnt_20241026_006,2024-10,746,565,667,107704,386,4,1,12,2,2024-11-30 17:00:00,1377
cnt_20241010_029,2024-10,119,85,100,2370,53,0,0,2,1,2024-11-14 15:00:00,203
cnt_20241002_007,2024-10,977,648,765,23076,417,5,1,14,3,2024-11-06 17:00:00,1449
cnt_20241008_048,2024-10,146,112,132,2349,91,1,0,3,0,2024-11-12 18:00:00,246
cnt_20241012_039,2024-10,206,149,176,23777,66,1,0,59,17,2024-11-16 16:00:00,302
cnt_20241001_025,2024-10,1595,1108,1307,38658,794,6,4,434,86,2024-11-05 19:00:00,3576
cnt_20241007_026,2024-10,442,345,407,9275,223,2,1,9,2,2024-11-11 10:00:00,810
cnt_20241023_003,2024-10,133,95,112,11921,50,0,0,45,13,2024-11-27 16:00:00,268
cnt_20241024_029,2024-10,346,258,304,8065,145,2,1,6,1,2024-11-28 16:00:00,767
cnt_20241024_045,2024-10,721,497,586,11823,380,2,1,168,33,2024-11-28 08:00:00,1018
cnt_20241004_049,2024-10,129,98,116,12098,72,1,0,3,0,2024-11-08 20:00:00,230
cnt_20241009_015,2024-10,127,87,103,17040,41,1,0,2,1,2024-11-13 08:00:00,185
cnt_20241026_023,2024-10,1119,874,1031,116696,520,4,2,18,3,2024-11-30 18:00:00,2183
cnt_20241031_035,2024-10,185,136,160,22929,71,1,0,3,0,2024-12-05 21:00:00,318
cnt_20241014_019,2024-10,885,623,735,104034,439,4,2,16,2,2024-11-18 22:00:00,1538
cnt_20241018_018,2024-10,301,236,278,28526,156,1,0,6,1,2024-11-22 21:00:00,618
cnt_20241024_017,2024-10,431,313,369,38184,182,1,1,137,39,2024-11-28 13:00:00,615
cnt_20241004_045,2024-10,586,388,458,140446,216,3,2,10,2,2024-11-08 16:00:00,836
cnt_20241010_001,2024-10,1786,1161,1370,25539,1030,4,1,26,5,2024-11-14 14:00:00,3570
cnt_20241012_031,2024-10,417,281,332,8343,181,2,0,7,1,2024-11-16 16:00:00,670
cnt_20241009_025,2024-10,124,81,96,2651,68,0,0,2,0,2024-11-13 18:00:00,258
cnt_20241010_017,2024-10,1108,863,1018,138110,632,4,2,22,4,2024-11-14 07:00:00,1715
cnt_20241028_012,2024-10,457,344,406,57293,151,1,0,153,44,2024-12-02 19:00:00,916
cnt_20241028_013,2024-10,172,135,159,16867,76,0,0,3,1,2024-12-02 12:00:00,380
cnt_20241018_057,2024-10,803,558,658,16326,473,2,1,204,41,2024-11-22 07:00:00,1273
cnt_20241017_054,2024-10,415,310,366,7602,194,1,1,7,1,2024-11-21 13:00:00,877
cnt_20241030_042,2024-10,548,406,479,16610,218,2,1,10,2,2024-12-04 13:00:00,1085
cnt_20241020_021,2024-10,603,411,485,15751,261,1,1,191,37,2024-11-24 14:00:00,1289
cnt_20241031_012,2024-10,759,578,682,15796,375,2,1,12,2,2024-12-05 13:00:00,1178
cnt_20241017_034,2024-10,617,456,538,9558,340,2,2,12,2,2024-11-21 11:00:00,890
cnt_20241013_016,2024-10,168,111,131,23616,72,0,0,3,0,2024-11-17 21:00:00,314
cnt_20241012_029,2024-10,1577,1074,1267,35302,743,5,3,28,5,2024-11-16 14:00:00,2502
cnt_20241017_041,2024-10,248,175,206,46609,124,1,0,5,1,2024-11-21 19:00:00,465
cnt_20241005_029,2024-10,255,190,224,23574,135,1,1,5,1,2024-11-09 22:00:00,414
cnt_20241023_007,2024-10,378,291,343,8042,177,1,1,6,1,2024-11-27 17:00:00,589
cnt_20241018_012,2024-10,1078,793,936,127473,502,4,2,22,3,2024-11-22 21:00:00,2252
cnt_20241031_045,2024-10,130,98,116,2291,65,1,0,2,0,2024-12-05 08:00:00,236
cnt_20241030_032,2024-10,371,253,299,37141,179,1,1,6,1,2024-12-04 22:00:00,752
cnt_20241016_036,2024-10,1621,1279,1509,30291,847,3,1,27,6,2024-11-20 11:00:00,2552
cnt_20241026_012,2024-10,580,383,452,14554,285,2,1,8,2,2024-11-30 13:00:00,890
cnt_20241015_012,2024-10,358,254,300,8413,177,2,0,109,22,2024-11-19 09:00:00,714
cnt_20241025_022,2024-10,570,438,517,8699,341,3,1,11,2,2024-11-29 11:00:00,805
cnt_20241011_028,2024-10,498,390,460,7161,286,1,1,9,2,2024-11-15 16:00:00,702
cnt_20241029_031,2024-10,162,123,145,2706,93,1,0,3,1,2024-12-03 14:00:00,267
cnt_20241008_041,2024-10,2515,1708,2015,357837,1231,6,3,35,7,2024-11-12 17:00:00,5219
cnt_20241022_016,2024-10,5869,4611,5441,647319,2198,35,6,1823,527,2024-11-26 13:00:00,10902
cnt_20241012_006,2024-10,1860,1365,1611,40428,1051,8,4,26,5,2024-11-16 09:00:00,3643
cnt_20241012_012,2024-10,666,468,552,108924,350,3,1,11,2,2024-11-16 08:00:00,1486
cnt_20241007_015,2024-10,412,326,385,5942,275,2,0,6,2,2024-11-11 08:00:00,622
cnt_20241023_041,2024-10,2325,1797,2120,31937,1440,8,5,48,10,2024-11-27 10:00:00,3395
cnt_20241006_001,2024-10,624,470,555,12064,337,3,1,223,44,2024-11-10 17:00:00,998
cnt_20241028_027,2024-10,538,417,492,8768,297,2,1,10,2,2024-12-02 08:00:00,826
cnt_20241030_019,2024-10,181,142,168,2940,105,0,0,4,0,2024-12-04 15:00:00,257
cnt_20241004_042,2024-10,216,149,176,20628,105,1,1,3,0,2024-11-08 19:00:00,322
cnt_20241002_038,2024-10,334,227,268,7780,130,1,0,5,1,2024-11-06 10:00:00,487
cnt_20241015_039,2024-10,163,123,145,3532,92,0,0,3,0,2024-11-19 16:00:00,352
cnt_20241007_039,2024-10,218,146,172,20806,112,1,0,3,0,2024-11-11 21:00:00,469
cnt_20241008_004,2024-10,279,209,247,3399,186,1,1,4,1,2024-11-12 13:00:00,419
cnt_20241010_007,2024-10,1037,808,953,17069,587,4,1,385,76,2024-11-14 10:00:00,1846
cnt_20241021_001,2024-10,564,371,438,89494,285,2,1,7,1,2024-11-25 18:00:00,990
cnt_20241030_022,2024-10,701,463,546,111012,306,4,2,10,1,2024-12-04 08:00:00,1576
cnt_20241008_009,2024-10,1647,1280,1510,159383,608,6,4,512,148,2024-11-12 07:00:00,2694
cnt_20241025_018,2024-10,694,523,617,13481,360,3,2,11,2,2024-11-29 08:00:00,1332
cnt_20241030_036,2024-10,425,332,392,40003,232,2,1,7,1,2024-12-04 18:00:00,721
cnt_20241021_043,2024-10,229,156,184,25119,82,1,1,4,1,2024-11-25 14:00:00,374
cnt_20241016_004,2024-10,656,431,509,13642,321,3,2,12,2,2024-11-20 17:00:00,1113
cnt_20241017_046,2024-10,436,335,395,43687,279,2,1,8,2,2024-11-21 08:00:00,954
cnt_20241030_028,2024-10,322,214,253,26452,135,1,1,5,2,2024-12-04 08:00:00,444
cnt_20241025_033,2024-10,307,240,283,8886,121,1,1,5,1,2024-11-29 09:00:00,527
cnt_20241015_030,2024-10,1291,1005,1186,18644,768,5,2,28,6,2024-11-19 12:00:00,2185
cnt_20241009_005,2024-10,668,450,531,13574,301,4,1,9,2,2024-11-13 12:00:00,1197
cnt_20241017_015,2024-10,318,252,297,6072,171,1,0,108,21,2024-11-21 13:00:00,646
cnt_20241003_005,2024-10,69,52,61,5649,30,0,0,22,6,2024-11-07 18:00:00,102
cnt_20241013_004,2024-10,290,226,267,5422,168,1,0,91,18,2024-11-17 16:00:00,441
cnt_20241007_044,2024-10,3452,2550,3009,390932,1430,18,7,903,261,2024-11-11 16:00:00,5584
cnt_20241011_020,2024-10,349,263,310,49910,181,1,0,5,1,2024-11-15 08:00:00,780
cnt_20241025_017,2024-10,1001,669,789,20908,512,2,2,14,3,2024-11-29 11:00:00,2099
cnt_20241008_035,2024-10,1186,790,932,24088,577,7,1,17,3,2024-11-12 09:00:00,2173
cnt_20241004_008,2024-10,1895,1285,1516,36941,1046,11,2,31,6,2024-11-08 13:00:00,3977
cnt_20241020_011,2024-10,218,159,188,20506,108,1,0,4,0,2024-11-24 18:00:00,318
cnt_20241024_047,2024-10,582,443,523,11770,309,2,1,191,38,2024-11-28 17:00:00,874
cnt_20241013_023,2024-10,512,402,474,6945,349,3,1,11,2,2024-11-17 07:00:00,1033
cnt_20241022_006,2024-10,2965,2048,2417,76438,1221,11,5,48,10,2024-11-26 14:00:00,4553
cnt_20241014_057,2024-10,394,281,332,8735,211,2,1,126,25,2024-11-18 12:00:00,574
cnt_20241028_011,2024-10,189,136,160,2822,107,1,0,3,1,2024-12-02 10:00:00,389
cnt_20241004_031,2024-10,295,210,248,7685,142,1,0,4,1,2024-11-08 09:00:00,467
cnt_20241011_018,2024-10,1163,891,1051,26599,608,4,2,22,5,2024-11-15 10:00:00,1928
cnt_20241030_044,2024-10,368,260,307,8094,193,2,1,6,2,2024-12-04 19:00:00,526
cnt_20241025_044,2024-10,426,297,350,58510,187,1,0,7,1,2024-11-29 18:00:00,773
cnt_20241007_023,2024-10,190,140,165,3848,109,0,0,62,13,2024-11-11 08:00:00,324
cnt_20241009_021,2024-10,630,425,502,15098,280,3,1,10,2,2024-11-13 16:00:00,1123
cnt_20241021_045,2024-10,1084,842,994,22153,626,4,2,17,3,2024-11-25 08:00:00,2438
cnt_20241030_027,2024-10,361,254,300,6704,168,2,1,5,1,2024-12-04 17:00:00,800
cnt_20241021_037,2024-10,225,146,172,21567,84,1,0,3,1,2024-11-25 13:00:00,412
cnt_20241012_003,2024-10,2104,1479,1745,41600,979,11,3,34,7,2024-11-16 08:00:00,3624
cnt_20241003_014,2024-10,35,27,32,4402,13,0,0,11,3,2024-11-07 19:00:00,54
cnt_20241030_045,2024-10,640,469,553,61933,370,3,1,12,2,2024-12-04 19:00:00,1053
cnt_20241011_023,2024-10,195,128,151,4841,86,1,0,60,12,2024-11-15 13:00:00,267
cnt_20241028_039,2024-10,271,176,208,6346,118,2,1,73,14,2024-12-02 07:00:00,397
cnt_20241003_028,2024-10,102,70,83,12101,50,0,0,2,0,2024-11-07 22:00:00,184
cnt_20241001_027,2024-10,248,175,206,5186,123,1,0,5,1,2024-11-05 14:00:00,434
cnt_20241028_023,2024-10,117,91,107,2546,54,1,0,31,6,2024-12-02 15:00:00,212
cnt_20241010_010,2024-10,354,278,328,49878,225,1,1,5,1,2024-11-14 07:00:00,748
cnt_20241004_009,2024-10,338,267,315,6329,187,2,1,6,2,2024-11-08 13:00:00,620
cnt_20241023_025,2024-10,378,291,343,36313,155,2,1,7,2,2024-11-27 14:00:00,550
cnt_20241028_033,2024-10,581,445,525,14570,275,3,0,12,3,2024-12-02 16:00:00,1141
cnt_20241029_044,2024-10,3495,2624,3096,62048,1726,19,5,69,13,2024-12-03 15:00:00,5456
cnt_20241015_013,2024-10,171,127,150,14747,93,0,0,2,0,2024-11-19 18:00:00,361
cnt_20241028_003,2024-10,210,165,195,28064,116,0,1,4,0,2024-12-02 12:00:00,381
cnt_20241018_037,2024-10,960,732,864,15609,604,3,2,18,4,2024-11-22 19:00:00,1302
cnt_20241004_014,2024-10,1898,1287,1519,39850,932,8,4,26,5,2024-11-08 10:00:00,4008
cnt_20241020_015,2024-10,81,59,70,1633,48,0,0,1,0,2024-11-24 16:00:00,182
cnt_20241015_040,2024-10,1009,761,898,21697,560,3,3,21,4,2024-11-19 15:00:00,1882
cnt_20241008_005,2024-10,360,251,296,42305,136,1,1,6,0,2024-11-12 22:00:00,647
cnt_20241027_012,2024-10,424,275,324,11205,197,2,1,6,1,2024-12-01 18:00:00,918
cnt_20241009_002,2024-10,543,408,481,9542,331,2,1,10,2,2024-11-13 09:00:00,952
cnt_20241017_029,2024-10,434,335,395,10631,204,1,1,8,1,2024-11-21 07:00:00,754
cnt_20241020_009,2024-10,304,206,243,7897,133,1,0,5,1,2024-11-24 07:00:00,518
cnt_20241018_031,2024-10,1091,817,964,19596,630,3,1,350,69,2024-11-22 12:00:00,2389
cnt_20241029_030,2024-10,905,658,776,109482,526,4,2,14,3,2024-12-03 13:00:00,1763
cnt_20241031_030,2024-10,294,225,266,20713,158,1,0,4,1,2024-12-05 09:00:00,457
cnt_20241019_035,2024-10,231,166,196,3243,137,1,0,4,1,2024-11-23 12:00:00,313
cnt_20241009_010,2024-10,893,594,701,27444,285,3,1,16,3,2024-11-13 10:00:00,1326
cnt_20241021_015,2024-10,1225,825,974,33690,393,3,1,394,78,2024-11-25 12:00:00,2241
cnt_20241013_011,2024-10,464,342,404,40216,192,2,1,138,40,2024-11-17 09:00:00,846
cnt_20241024_049,2024-10,205,147,173,5256,81,1,0,3,1,2024-11-28 08:00:00,423
cnt_20241017_020,2024-10,148,101,119,2724,73,1,0,3,1,2024-11-21 15:00:00,287
cnt_20241030_034,2024-10,1243,900,1062,25584,651,5,3,21,4,2024-12-04 13:00:00,2147
cnt_20241025_004,2024-10,725,564,666,11511,395,4,2,267,53,2024-11-29 16:00:00,1585
cnt_20241003_031,2024-10,98,68,80,20707,41,0,0,1,0,2024-11-07 16:00:00,135
cnt_20241028_006,2024-10,889,665,785,16121,529,4,1,16,3,2024-12-02 14:00:00,1246
cnt_20241012_010,2024-10,150,106,125,17001,65,1,0,2,1,2024-11-16 11:00:00,246
cnt_20241009_009,2024-10,458,318,375,58224,141,2,1,7,2,2024-11-13 14:00:00,778
cnt_20241028_007,2024-10,538,373,440,43352,303,2,1,7,2,2024-12-02 21:00:00,1183
cnt_20241012_032,2024-10,724,511,603,12815,350,3,2,14,3,2024-11-16 09:00:00,1591
cnt_20241001_015,2024-10,153,118,139,2647,84,1,0,2,0,2024-11-05 18:00:00,236
cnt_20241021_025,2024-10,742,515,608,17938,358,2,2,11,2,2024-11-25 15:00:00,1270
cnt_20241002_025,2024-10,181,137,162,13194,113,1,0,3,0,2024-11-06 19:00:00,355
cnt_20241012_019,2024-10,1674,1256,1482,33212,845,4,3,24,5,2024-11-16 12:00:00,2544
cnt_20241008_012,2024-10,120,89,105,13036,52,1,0,2,0,2024-11-12 21:00:00,263
cnt_20241010_003,2024-10,1576,1234,1456,23288,896,8,2,28,5,2024-11-14 13:00:00,2913
cnt_20241021_031,2024-10,394,256,302,9368,188,1,1,5,1,2024-11-25 11:00:00,535
cnt_20241025_058,2024-10,687,525,620,15431,330,1,1,13,2,2024-11-29 11:00:00,1283
cnt_20241030_013,2024-10,322,227,268,7888,142,1,1,5,1,2024-12-04 15:00:00,601
cnt_20241016_014,2024-10,619,405,478,72119,213,2,1,148,43,2024-11-20 09:00:00,995
cnt_20241006_022,2024-10,64,43,51,6640,31,0,0,1,0,2024-11-10 20:00:00,128
cnt_20241027_022,2024-10,1797,1241,1464,37924,820,5,4,24,5,2024-12-01 19:00:00,2454
cnt_20241026_013,2024-10,1525,1208,1425,19447,964,5,1,29,5,2024-11-30 15:00:00,2330
cnt_20241015_042,2024-10,55,43,51,5196,26,0,0,18,5,2024-11-19 07:00:00,97
cnt_20241007_014,2024-10,140,93,110,3663,65,0,0,31,6,2024-11-11 19:00:00,241
cnt_20241007_037,2024-10,671,506,597,15668,335,1,1,11,2,2024-11-11 13:00:00,1425
cnt_20241003_039,2024-10,181,142,168,19907,67,1,0,58,17,2024-11-07 09:00:00,244
cnt_20241018_036,2024-10,94,68,80,1988,48,0,0,1,0,2024-11-22 15:00:00,135
cnt_20241014_015,2024-10,643,503,594,9930,358,3,1,14,2,2024-11-18 17:00:00,1294
cnt_20241015_027,2024-10,399,291,343,50340,227,2,1,6,2,2024-11-19 08:00:00,668
cnt_20241003_048,2024-10,340,253,299,34111,163,1,0,7,1,2024-11-07 22:00:00,516
cnt_20241021_036,2024-10,1008,686,809,17159,564,3,1,265,52,2024-11-25 18:00:00,1643
cnt_20241006_033,2024-10,1042,735,867,18136,538,3,1,18,4,2024-11-10 11:00:00,1705
cnt_20241017_030,2024-10,270,206,243,29699,99,1,0,68,19,2024-11-21 16:00:00,531
cnt_20241026_032,2024-10,984,717,846,159065,555,3,1,17,3,2024-11-30 07:00:00,1904
cnt_20241026_026,2024-10,1649,1130,1333,257048,866,5,3,29,6,2024-11-30 18:00:00,3405
cnt_20241011_025,2024-10,249,183,216,5953,114,1,0,88,17,2024-11-15 09:00:00,419
cnt_20241031_051,2024-10,107,75,88,2638,53,0,0,2,1,2024-12-05 18:00:00,226
cnt_20241028_049,2024-10,451,352,415,9127,233,2,1,9,2,2024-12-02 11:00:00,731
cnt_20241002_020,2024-10,288,209,247,25265,121,1,1,74,22,2024-11-06 08:00:00,537
cnt_20241026_004,2024-10,622,482,569,13162,268,2,0,11,2,2024-11-30 14:00:00,1233
cnt_20241007_008,2024-10,761,563,664,72590,360,2,1,15,3,2024-11-11 19:00:00,1462
cnt_20241026_015,2024-10,114,81,96,1571,71,0,0,36,7,2024-11-30 18:00:00,226
cnt_20241024_040,2024-10,376,249,294,6378,202,1,1,5,1,2024-11-28 11:00:00,732
cnt_20241013_031,2024-10,511,359,424,9638,269,2,1,9,2,2024-11-17 09:00:00,1092
cnt_20241007_025,2024-10,72,54,64,1579,32,0,0,1,0,2024-11-11 09:00:00,102
cnt_20241020_010,2024-10,831,553,653,21698,345,3,2,12,2,2024-11-24 14:00:00,1303
cnt_20241017_002,2024-10,477,344,406,10473,219,1,1,8,2,2024-11-21 08:00:00,667
cnt_20241031_027,2024-10,233,179,211,4043,151,1,0,5,1,2024-12-05 08:00:00,422
cnt_20241018_023,2024-10,871,613,723,105829,410,4,2,12,2,2024-11-22 18:00:00,1207
cnt_20241014_025,2024-10,388,296,349,33172,195,1,1,6,1,2024-11-18 19:00:00,736
cnt_20241025_043,2024-10,345,247,291,8941,150,1,0,81,16,2024-11-29 17:00:00,544
cnt_20241012_008,2024-10,504,339,400,11409,212,2,1,10,2,2024-11-16 10:00:00,762
cnt_20241001_009,2024-10,346,266,314,28024,198,2,1,7,1,2024-11-05 18:00:00,624
cnt_20241016_023,2024-10,179,125,148,4543,81,1,0,3,0,2024-11-20 16:00:00,332
cnt_20241010_043,2024-10,145,114,135,3022,78,1,0,3,1,2024-11-14 14:00:00,283
cnt_20241022_017,2024-10,1025,714,843,26055,460,2,2,14,2,2024-11-26 09:00:00,1674
cnt_20241031_023,2024-10,744,525,620,12103,402,2,1,183,36,2024-12-05 12:00:00,1187
cnt_20241009_034,2024-10,704,471,556,14575,317,3,1,13,2,2024-11-13 11:00:00,1473
cnt_20241009_043,2024-10,336,258,304,28281,174,1,1,5,0,2024-11-13 18:00:00,517
cnt_20241027_039,2024-10,227,156,184,4468,100,1,0,3,1,2024-12-01 11:00:00,475
cnt_20241009_022,2024-10,395,293,346,33784,219,2,1,7,1,2024-11-13 21:00:00,578
cnt_20241013_029,2024-10,99,74,87,2034,52,0,0,31,7,2024-11-17 14:00:00,198
cnt_20241002_021,2024-10,315,234,276,5628,149,1,1,5,1,2024-11-06 18:00:00,553
cnt_20241017_003,2024-10,278,198,234,30343,110,1,0,68,20,2024-11-21 14:00:00,463
cnt_20241029_035,2024-10,4216,3053,3603,101824,2069,23,4,61,12,2024-12-03 11:00:00,7401
cnt_20241019_019,2024-10,281,184,217,32839,138,1,1,5,1,2024-11-23 18:00:00,491
cnt_20241024_048,2024-10,1712,1301,1535,316992,846,3,4,36,7,2024-11-28 19:00:00,3411
cnt_20241029_013,2024-10,63,46,54,976,35,0,0,1,0,2024-12-03 17:00:00,138
cnt_20241031_033,2024-10,525,363,428,48157,256,2,1,156,45,2024-12-05 07:00:00,865
cnt_20241031_026,2024-10,247,160,189,25886,74,1,1,51,14,2024-12-05 19:00:00,417
cnt_20241016_021,2024-10,1237,828,977,131133,446,4,1,16,5,2024-11-20 14:00:00,2467
cnt_20241025_028,2024-10,1883,1353,1597,49542,833,6,5,27,6,2024-11-29 11:00:00,4146
cnt_20241031_045,2024-10,130,98,116,2291,65,1,0,2,0,2024-12-05 12:00:00,236
cnt_20241028_036,2024-10,2779,2128,2511,52427,1682,11,4,44,9,2024-12-02 17:00:00,5226
cnt_20241016_029,2024-10,190,124,146,21534,81,1,0,55,16,2024-11-20 09:00:00,360
cnt_20241024_001,2024-10,498,351,414,9153,236,3,1,9,1,2024-11-28 17:00:00,983
cnt_20241027_035,2024-10,491,356,420,7958,274,3,1,155,30,2024-12-01 12:00:00,964
cnt_20241013_030,2024-10,636,485,572,10886,346,2,2,165,33,2024-11-17 14:00:00,1412
cnt_20241017_014,2024-10,1763,1217,1436,41538,801,5,3,33,7,2024-11-21 09:00:00,3867
cnt_20241022_004,2024-10,798,554,654,87711,296,2,1,15,5,2024-11-26 17:00:00,1161
cnt_20241025_057,2024-10,1155,839,990,22020,568,6,2,288,57,2024-11-29 08:00:00,1603
cnt_20241027_026,2024-10,2780,1910,2254,71391,1350,9,3,47,9,2024-12-01 19:00:00,4480
cnt_20241014_010,2024-10,27,19,22,2454,10,0,0,7,2,2024-11-18 13:00:00,38
cnt_20241021_029,2024-10,784,539,636,133277,418,2,1,15,3,2024-11-25 11:00:00,1395
cnt_20241007_030,2024-10,681,528,623,14353,369,3,1,10,2,2024-11-11 07:00:00,1531
cnt_20241018_032,2024-10,384,257,303,10013,183,1,0,6,2,2024-11-22 08:00:00,562
cnt_20241010_031,2024-10,2394,1872,2209,59754,1115,12,3,40,7,2024-11-14 10:00:00,4657
cnt_20241026_039,2024-10,437,293,346,49423,165,2,0,6,2,2024-11-30 09:00:00,933
cnt_20241001_001,2024-10,248,192,227,21060,124,1,0,5,1,2024-11-05 20:00:00,443
cnt_20241014_011,2024-10,532,359,424,7505,318,1,0,7,2,2024-11-18 17:00:00,823
cnt_20241007_007,2024-10,1260,942,1112,31222,623,3,2,21,4,2024-11-11 12:00:00,2138
cnt_20241003_020,2024-10,205,155,183,5574,94,1,0,4,0,2024-11-07 11:00:00,369
cnt_20241001_020,2024-10,630,469,553,45797,375,3,1,9,1,2024-11-05 20:00:00,1313
cnt_20241025_013,2024-10,860,652,769,14787,524,5,1,14,3,2024-11-29 13:00:00,1583
cnt_20241031_001,2024-10,516,371,438,52161,293,1,1,8,1,2024-12-05 22:00:00,892
cnt_20241011_046,2024-10,158,123,145,3649,75,1,0,2,0,2024-11-15 13:00:00,257
cnt_20241002_024,2024-10,1252,975,1150,18788,730,4,2,23,5,2024-11-06 17:00:00,2023
cnt_20241019_008,2024-10,994,715,844,166412,518,3,2,18,4,2024-11-23 17:00:00,1585
cnt_20241013_022,2024-10,337,263,310,27343,205,1,1,6,1,2024-11-17 22:00:00,467
cnt_20241016_052,2024-10,482,376,444,8674,225,2,1,9,2,2024-11-20 11:00:00,988
cnt_20241002_003,2024-10,179,137,162,3357,109,1,0,63,12,2024-11-06 16:00:00,293
cnt_20241004_025,2024-10,1214,796,939,27738,504,4,3,19,4,2024-11-08 19:00:00,1673
cnt_20241020_025,2024-10,269,197,232,5220,140,1,0,4,1,2024-11-24 13:00:00,434
cnt_20241006_025,2024-10,246,175,206,51547,109,1,1,5,1,2024-11-10 07:00:00,493
cnt_20241009_036,2024-10,339,241,284,7428,184,1,0,7,1,2024-11-13 09:00:00,554
cnt_20241007_003,2024-10,229,172,203,22543,90,1,1,5,2,2024-11-11 15:00:00,406
cnt_20241026_020,2024-10,719,493,582,17438,332,2,2,13,2,2024-11-30 19:00:00,1564
cnt_20241025_006,2024-10,531,353,417,9859,278,2,1,8,2,2024-11-29 14:00:00,1037
cnt_20241028_035,2024-10,433,306,361,36716,163,2,1,7,2,2024-12-02 11:00:00,970
cnt_20241021_050,2024-10,364,259,306,50113,97,2,1,7,2,2024-11-25 15:00:00,539
cnt_20241030_006,2024-10,202,151,178,20155,105,1,0,4,0,2024-12-04 20:00:00,379
cnt_20241011_035,2024-10,620,464,548,18030,262,2,0,156,31,2024-11-15 19:00:00,1292
cnt_20241008_007,2024-10,1549,1115,1316,158555,587,4,1,410,119,2024-11-12 15:00:00,3130
cnt_20241008_030,2024-10,532,356,420,10743,265,3,1,9,2,2024-11-12 15:00:00,932
cnt_20241011_009,2024-10,249,188,222,3997,148,1,1,4,0,2024-11-15 09:00:00,465
cnt_20241008_043,2024-10,1675,1263,1490,268423,769,9,3,36,7,2024-11-12 13:00:00,2866
cnt_20241009_024,2024-10,1980,1356,1600,52251,651,11,2,28,6,2024-11-13 09:00:00,3458
cnt_20241008_013,2024-10,243,175,206,4533,134,1,1,5,1,2024-11-12 12:00:00,434
cnt_20241018_005,2024-10,601,419,494,10216,324,2,2,8,1,2024-11-22 15:00:00,872
cnt_20241003_006,2024-10,2191,1652,1949,44760,1160,5,5,45,9,2024-11-07 14:00:00,3700
cnt_20241019_021,2024-10,205,161,190,3486,130,1,0,4,1,2024-11-23 17:00:00,393
cnt_20241004_057,2024-10,1498,1035,1221,33201,670,4,4,23,4,2024-11-08 07:00:00,2588
cnt_20241007_020,2024-10,307,215,254,5744,137,2,0,4,0,2024-11-11 14:00:00,584
cnt_20241016_016,2024-10,254,179,211,4270,144,1,1,4,1,2024-11-20 08:00:00,564
cnt_20241025_036,2024-10,156,106,125,3153,79,0,0,3,0,2024-11-29 07:00:00,299
cnt_20241031_024,2024-10,124,93,110,3228,53,0,0,2,0,2024-12-05 09:00:00,177
cnt_20241007_035,2024-10,1167,910,1074,13748,842,4,2,18,4,2024-11-11 19:00:00,2622
cnt_20241018_029,2024-10,153,115,136,3270,85,0,0,52,11,2024-11-22 18:00:00,263
cnt_20241011_051,2024-10,332,246,290,5354,176,1,0,98,20,2024-11-15 15:00:00,694
cnt_20241018_019,2024-10,240,174,205,5107,127,1,0,5,1,2024-11-22 18:00:00,406
cnt_20241023_012,2024-10,1066,710,838,18470,520,5,1,17,3,2024-11-27 14:00:00,1726
cnt_20241024_014,2024-10,688,455,537,15156,306,3,1,212,42,2024-11-28 15:00:00,1187
cnt_20241014_007,2024-10,1301,1009,1191,25811,722,6,3,430,85,2024-11-18 11:00:00,2613
cnt_20241024_046,2024-10,1022,787,929,17048,581,5,1,22,4,2024-11-28 09:00:00,2053
cnt_20241004_027,2024-10,268,184,217,7551,114,1,0,4,1,2024-11-08 07:00:00,448
cnt_20241017_058,2024-10,135,96,113,13283,69,1,0,3,1,2024-11-21 21:00:00,271
cnt_20241016_012,2024-10,2565,1848,2181,53888,1180,5,7,35,7,2024-11-20 16:00:00,5402
cnt_20241005_009,2024-10,635,448,529,12922,371,3,1,11,2,2024-11-09 17:00:00,1264
cnt_20241030_014,2024-10,41,27,32,779,19,0,0,1,1,2024-12-04 14:00:00,68
cnt_20241022_008,2024-10,300,201,237,33184,133,1,1,4,0,2024-11-26 20:00:00,587
cnt_20241016_013,2024-10,710,480,566,19968,273,3,1,166,32,2024-11-20 17:00:00,1160
cnt_20241010_053,2024-10,382,249,294,77831,176,1,1,7,1,2024-11-14 12:00:00,833
cnt_20241025_060,2024-10,529,387,457,12121,232,2,1,11,2,2024-11-29 13:00:00,834
cnt_20241005_021,2024-10,102,77,91,2179,58,1,0,26,6,2024-11-09 08:00:00,190
cnt_20241028_025,2024-10,129,99,117,2065,76,1,0,3,1,2024-12-02 09:00:00,283
cnt_20241017_055,2024-10,588,438,517,60336,269,1,1,10,3,2024-11-21 07:00:00,1244
cnt_20241025_032,2024-10,2659,1749,2064,56466,1263,7,7,591,117,2024-11-29 17:00:00,5356
cnt_20241012_028,2024-10,644,472,557,13040,277,3,1,12,2,2024-11-16 08:00:00,1414
cnt_20241015_028,2024-10,209,148,175,5321,93,1,0,4,1,2024-11-19 17:00:00,470
cnt_20241004_026,2024-10,1662,1302,1536,31449,930,7,1,27,5,2024-11-08 12:00:00,3622
cnt_20241025_020,2024-10,1326,908,1071,22687,686,4,3,19,4,2024-11-29 18:00:00,2190
cnt_20241004_021,2024-10,654,446,526,13173,317,2,1,11,2,2024-11-08 10:00:00,1086
cnt_20241031_004,2024-10,674,460,543,15759,344,2,1,12,2,2024-12-05 19:00:00,1154
cnt_20241004_056,2024-10,573,397,468,11987,247,2,1,10,2,2024-11-08 16:00:00,1219
cnt_20241024_011,2024-10,556,383,452,109275,282,3,1,10,2,2024-11-28 08:00:00,778
cnt_20241023_024,2024-10,1750,1370,1617,110022,1187,7,5,26,4,2024-11-27 19:00:00,3082
cnt_20241004_024,2024-10,407,281,332,45217,144,2,0,5,2,2024-11-08 07:00:00,838
cnt_20241004_054,2024-10,1417,1001,1181,204634,786,4,2,25,5,2024-11-08 15:00:00,2509
cnt_20241004_053,2024-10,152,119,140,14551,83,1,0,3,0,2024-11-08 18:00:00,240
cnt_20241027_034,2024-10,1459,975,1150,147626,496,6,1,417,121,2024-12-01 12:00:00,2542
cnt_20241008_031,2024-10,111,73,86,2165,55,0,0,2,0,2024-11-12 08:00:00,244
cnt_20241028_054,2024-10,364,266,314,7687,175,2,1,125,25,2024-12-02 09:00:00,749
cnt_20241031_031,2024-10,632,410,484,155781,248,3,1,11,3,2024-12-05 10:00:00,1382
cnt_20241018_011,2024-10,305,222,262,5318,154,1,0,6,1,2024-11-22 10:00:00,525
cnt_20241022_035,2024-10,659,496,585,13447,334,2,2,14,3,2024-11-26 14:00:00,1450
cnt_20241009_032,2024-10,280,183,216,6309,126,1,1,5,1,2024-11-13 10:00:00,619
cnt_20241019_015,2024-10,1665,1172,1383,46109,707,8,2,523,103,2024-11-23 07:00:00,3471
cnt_20241010_009,2024-10,785,555,655,118816,404,4,2,12,2,2024-11-14 07:00:00,1489
cnt_20241030_026,2024-10,202,150,177,4869,102,1,0,4,1,2024-12-04 09:00:00,385
cnt_20241011_011,2024-10,884,666,786,164732,421,2,2,14,3,2024-11-15 14:00:00,1669
cnt_20241025_049,2024-10,1086,845,997,133696,390,5,1,21,6,2024-11-29 18:00:00,1524
cnt_20241027_008,2024-10,590,413,487,16349,251,3,1,179,35,2024-12-01 14:00:00,999
cnt_20241021_028,2024-10,376,263,310,38020,182,1,1,6,1,2024-11-25 21:00:00,767
cnt_20241020_013,2024-10,144,110,130,2200,88,1,0,39,8,2024-11-24 16:00:00,320
cnt_20241019_004,2024-10,259,199,235,4836,129,1,0,4,1,2024-11-23 14:00:00,513
cnt_20241009_046,2024-10,834,606,715,74597,302,4,2,12,3,2024-11-13 13:00:00,1776
cnt_20241016_020,2024-10,297,195,230,7540,144,1,1,4,1,2024-11-20 18:00:00,424
cnt_20241004_011,2024-10,494,357,421,8187,275,2,1,7,2,2024-11-08 19:00:00,840
cnt_20241020_005,2024-10,387,294,347,36734,207,2,1,8,1,2024-11-24 21:00:00,614
cnt_20241016_034,2024-10,416,300,354,7095,232,1,1,7,2,2024-11-20 17:00:00,917
cnt_20241005_028,2024-10,806,626,739,15123,452,2,1,16,4,2024-11-09 14:00:00,1145
cnt_20241002_032,2024-10,689,488,576,19061,253,3,2,11,2,2024-11-06 13:00:00,1077
cnt_20241028_016,2024-10,202,148,175,4855,104,1,0,57,11,2024-12-02 17:00:00,419
cnt_20241008_022,2024-10,357,260,307,63824,142,1,0,7,2,2024-11-12 13:00:00,716
cnt_20241029_026,2024-10,1027,732,864,19341,601,6,1,16,4,2024-12-03 11:00:00,2232
cnt_20241014_041,2024-10,175,137,162,3158,105,0,0,4,1,2024-11-18 16:00:00,316
cnt_20241014_003,2024-10,94,63,74,7783,42,1,0,24,7,2024-11-18 15:00:00,170
cnt_20241015_001,2024-10,133,86,101,3508,57,0,0,2,1,2024-11-19 09:00:00,243
cnt_20241011_024,2024-10,923,658,776,18284,460,4,2,15,2,2024-11-15 15:00:00,1775
cnt_20241006_003,2024-10,349,274,323,7677,176,2,0,6,1,2024-11-10 07:00:00,501
cnt_20241015_022,2024-10,134,100,118,12740,80,0,0,2,0,2024-11-19 21:00:00,237
cnt_20241020_017,2024-10,825,559,660,19298,410,5,1,13,2,2024-11-24 16:00:00,1808
cnt_20241008_029,2024-10,275,216,255,5352,153,1,1,5,1,2024-11-12 11:00:00,447
cnt_20241002_026,2024-10,172,123,145,4161,78,1,0,3,1,2024-11-06 17:00:00,276
cnt_20241026_016,2024-10,694,493,582,15512,372,2,1,183,36,2024-11-30 17:00:00,1384
cnt_20241007_002,2024-10,1341,1005,1186,23797,694,5,3,21,4,2024-11-11 17:00:00,2634
cnt_20241008_037,2024-10,477,337,398,8698,251,1,1,7,1,2024-11-12 19:00:00,737
cnt_20241009_030,2024-10,667,499,589,15339,338,2,1,10,2,2024-11-13 18:00:00,1378
cnt_20241023_013,2024-10,590,386,455,10098,316,3,1,7,1,2024-11-27 19:00:00,1112
cnt_20241011_017,2024-10,269,201,237,22491,154,1,0,5,1,2024-11-15 20:00:00,391
cnt_20241017_042,2024-10,352,248,293,8393,160,2,0,107,21,2024-11-21 18:00:00,672
cnt_20241007_010,2024-10,892,650,767,156347,459,5,1,16,3,2024-11-11 15:00:00,2006
cnt_20241015_033,2024-10,131,99,117,1862,80,0,0,2,0,2024-11-19 08:00:00,269
cnt_20241011_014,2024-10,2313,1536,1812,252424,788,10,6,700,203,2024-11-15 09:00:00,5172
cnt_20241013_026,2024-10,985,732,864,125276,456,5,3,18,2,2024-11-17 21:00:00,2019
cnt_20241013_003,2024-10,206,154,182,26535,67,1,0,67,19,2024-11-17 19:00:00,287
cnt_20241015_031,2024-10,96,66,78,10351,28,1,0,2,1,2024-11-19 08:00:00,154
cnt_20241011_006,2024-10,239,164,194,5663,97,1,1,3,0,2024-11-15 15:00:00,330
cnt_20241029_022,2024-10,157,117,138,2666,80,1,0,3,0,2024-12-03 13:00:00,223
cnt_20241005_004,2024-10,267,186,219,4888,135,1,1,5,1,2024-11-09 16:00:00,473
cnt_20241007_038,2024-10,108,85,100,2054,56,0,0,2,0,2024-11-11 19:00:00,185
cnt_20241028_014,2024-10,786,571,674,11019,461,3,2,12,2,2024-12-02 12:00:00,1708
cnt_20241024_042,2024-10,606,394,465,97564,276,3,1,9,2,2024-11-28 07:00:00,1024
cnt_20241020_024,2024-10,140,110,130,2772,78,1,0,37,7,2024-11-24 12:00:00,209
cnt_20241015_018,2024-10,1111,804,949,19616,553,4,1,18,4,2024-11-19 07:00:00,1636
cnt_20241018_041,2024-10,696,543,641,13375,400,2,1,12,3,2024-11-22 17:00:00,1457
cnt_20241004_007,2024-10,322,230,271,56686,152,2,1,5,1,2024-11-08 10:00:00,715
cnt_20241026_009,2024-10,317,219,258,30961,177,2,1,5,1,2024-11-30 19:00:00,478
cnt_20241002_034,2024-10,1230,926,1093,27552,641,7,1,327,65,2024-11-06 12:00:00,1852
cnt_20241016_053,2024-10,250,183,216,5296,127,1,0,4,1,2024-11-20 09:00:00,462
cnt_20241025_016,2024-10,1747,1326,1565,33171,909,5,2,547,108,2024-11-29 13:00:00,3750
cnt_20241003_015,2024-10,151,111,131,3485,75,1,0,3,1,2024-11-07 09:00:00,226
cnt_20241001_007,2024-10,742,557,657,10652,466,4,2,14,3,2024-11-05 13:00:00,1078
cnt_20241030_012,2024-10,148,114,135,16821,60,1,0,53,15,2024-12-04 18:00:00,318
cnt_20241010_027,2024-10,1277,889,1049,114964,659,5,3,17,3,2024-11-14 20:00:00,2376
cnt_20241006_029,2024-10,850,608,717,14799,442,2,1,13,2,2024-11-10 19:00:00,1502
cnt_20241006_027,2024-10,567,412,486,9884,320,2,2,8,2,2024-11-10 18:00:00,891
cnt_20241031_037,2024-10,202,132,156,3499,109,1,1,62,13,2024-12-05 19:00:00,316
cnt_20241008_045,2024-10,345,232,274,9502,134,1,1,5,1,2024-11-12 07:00:00,767
cnt_20241018_034,2024-10,691,538,635,11214,415,3,2,13,3,2024-11-22 16:00:00,1252
cnt_20241017_050,2024-10,397,294,347,68732,190,2,1,7,1,2024-11-21 10:00:00,832
cnt_20241021_040,2024-10,1606,1084,1279,29890,800,6,1,453,90,2024-11-25 12:00:00,3164
cnt_20241014_004,2024-10,1042,799,943,18963,502,3,1,16,4,2024-11-18 11:00:00,2284
cnt_20241003_021,2024-10,180,119,140,17170,90,1,0,3,0,2024-11-07 22:00:00,376
cnt_20241017_043,2024-10,542,361,426,56248,216,2,1,7,1,2024-11-21 18:00:00,869
cnt_20241023_036,2024-10,88,65,77,1794,48,0,0,2,0,2024-11-27 10:00:00,120
cnt_20241017_007,2024-10,213,146,172,19503,97,1,1,3,0,2024-11-21 22:00:00,412
cnt_20241010_002,2024-10,577,437,516,48841,316,2,1,10,2,2024-11-14 22:00:00,961
cnt_20241019_007,2024-10,2037,1427,1684,37571,1007,7,3,681,135,2024-11-23 16:00:00,4160
cnt_20241010_032,2024-10,142,104,123,2704,67,1,0,2,0,2024-11-14 11:00:00,193
cnt_20241026_010,2024-10,506,370,437,14184,208,3,1,7,2,2024-11-30 18:00:00,800
cnt_20241002_037,2024-10,800,608,717,17811,351,4,1,272,54,2024-11-06 09:00:00,1690
cnt_20241018_010,2024-10,1016,790,932,176562,514,3,3,21,4,2024-11-22 11:00:00,1840
cnt_20241013_021,2024-10,840,617,728,79061,445,5,1,17,3,2024-11-17 22:00:00,1487
cnt_20241014_050,2024-10,510,399,471,9171,325,3,1,10,2,2024-11-18 12:00:00,958
cnt_20241018_016,2024-10,1264,996,1175,26807,665,4,2,345,68,2024-11-22 14:00:00,2794
cnt_20241031_028,2024-10,394,291,343,71909,208,1,1,6,1,2024-12-05 18:00:00,867
cnt_20241029_015,2024-10,195,129,152,22000,72,1,0,55,16,2024-12-03 10:00:00,322
cnt_20241017_022,2024-10,446,327,386,43168,224,2,1,8,1,2024-11-21 19:00:00,893
cnt_20241002_031,2024-10,752,554,654,11784,470,3,2,261,52,2024-11-06 16:00:00,1024
cnt_20241014_017,2024-10,129,86,101,2645,68,0,0,35,7,2024-11-18 07:00:00,251
cnt_20241010_004,2024-10,288,222,262,24780,154,1,1,6,1,2024-11-14 22:00:00,638
cnt_20241003_023,2024-10,2564,1761,2078,64046,1208,10,6,47,9,2024-11-07 12:00:00,5520
cnt_20241030_016,2024-10,794,515,608,142706,372,3,2,13,3,2024-12-04 10:00:00,1260
cnt_20241029_038,2024-10,117,86,101,10022,52,0,0,2,1,2024-12-03 18:00:00,253
cnt_20241012_040,2024-10,193,144,170,3615,108,1,0,3,1,2024-11-16 14:00:00,377
cnt_20241010_039,2024-10,299,213,251,6766,134,1,0,5,1,2024-11-14 12:00:00,644
cnt_20241019_027,2024-10,42,29,34,5564,13,0,0,1,0,2024-11-23 13:00:00,72
cnt_20241018_046,2024-10,347,255,301,6942,185,1,0,7,1,2024-11-22 19:00:00,702
cnt_20241009_008,2024-10,1551,1103,1302,31208,715,6,3,21,4,2024-11-13 07:00:00,2623
cnt_20241030_048,2024-10,362,279,329,53384,199,1,1,7,2,2024-12-04 08:00:00,808
cnt_20241031_008,2024-10,244,178,210,4822,120,1,0,5,1,2024-12-05 18:00:00,520
cnt_20241019_018,2024-10,159,125,148,16325,82,0,0,3,1,2024-11-23 19:00:00,240
cnt_20241024_002,2024-10,710,487,575,14554,321,3,1,176,35,2024-11-28 09:00:00,1393
cnt_20241030_033,2024-10,1243,897,1058,113507,688,3,1,18,2,2024-12-04 19:00:00,2355
cnt_20241008_021,2024-10,437,328,387,37992,261,2,1,7,1,2024-11-12 20:00:00,746
cnt_20241021_027,2024-10,539,421,497,12528,290,2,0,12,2,2024-11-25 09:00:00,1034
cnt_20241004_029,2024-10,283,194,229,34772,101,1,1,78,22,2024-11-08 12:00:00,437
cnt_20241029_028,2024-10,410,297,350,40370,162,2,1,6,2,2024-12-03 17:00:00,763
cnt_20241031_016,2024-10,125,88,104,2687,52,1,0,2,1,2024-12-05 18:00:00,222
cnt_20241025_021,2024-10,67,46,54,1825,27,0,0,17,4,2024-11-29 10:00:00,138
cnt_20241005_001,2024-10,101,71,84,2312,54,1,0,31,6,2024-11-09 10:00:00,156
cnt_20241025_045,2024-10,635,483,570,15505,271,2,1,229,46,2024-11-29 14:00:00,1130
cnt_20241031_029,2024-10,963,669,789,101407,443,6,1,14,4,2024-12-05 10:00:00,1460
cnt_20241002_022,2024-10,519,400,472,107223,250,3,1,9,1,2024-11-06 15:00:00,723
cnt_20241013_025,2024-10,312,224,264,4043,195,1,1,6,1,2024-11-17 16:00:00,523
cnt_20241021_044,2024-10,134,102,120,17891,35,1,0,49,14,2024-11-25 16:00:00,296
cnt_20241006_034,2024-10,150,102,120,18785,54,1,0,3,1,2024-11-10 15:00:00,207
cnt_20241022_003,2024-10,387,292,345,5347,243,2,0,8,1,2024-11-26 15:00:00,572
cnt_20241018_035,2024-10,988,723,853,17018,597,4,1,19,4,2024-11-22 19:00:00,1937
cnt_20241016_011,2024-10,2444,1827,2156,51881,1353,11,7,41,8,2024-11-20 13:00:00,3434
cnt_20241025_050,2024-10,78,55,65,1327,41,0,0,1,0,2024-11-29 07:00:00,170
cnt_20241011_053,2024-10,157,110,130,2582,89,1,0,3,0,2024-11-15 17:00:00,288
cnt_20241015_019,2024-10,220,156,184,22889,115,1,1,4,1,2024-11-19 19:00:00,312
cnt_20241020_021,2024-10,603,411,485,15751,261,1,1,191,37,2024-11-24 18:00:00,1289
cnt_20241009_001,2024-10,1135,888,1048,16769,639,4,1,387,77,2024-11-13 15:00:00,2159
cnt_20241004_040,2024-10,457,300,354,10629,226,2,1,8,2,2024-11-08 14:00:00,784
cnt_20241029_020,2024-10,771,587,693,88993,396,3,2,14,2,2024-12-03 19:00:00,1376
cnt_20241017_028,2024-10,280,209,247,25609,153,1,1,5,0,2024-11-21 20:00:00,566
cnt_20241010_037,2024-10,742,523,617,164028,307,2,1,14,3,2024-11-14 10:00:00,1573
cnt_20241013_018,2024-10,406,304,359,5587,241,2,0,7,1,2024-11-17 13:00:00,756
cnt_20241019_026,2024-10,558,418,493,95293,323,2,1,8,2,2024-11-23 08:00:00,820
cnt_20241012_036,2024-10,425,325,384,76460,218,2,1,9,2,2024-11-16 07:00:00,724
cnt_20241001_014,2024-10,545,386,455,43193,241,1,1,7,2,2024-11-05 17:00:00,1106
cnt_20241015_014,2024-10,153,101,119,3359,68,1,0,3,0,2024-11-19 16:00:00,209
cnt_20241023_018,2024-10,3966,2691,3175,101173,1735,15,9,72,14,2024-11-27 08:00:00,5929
cnt_20241008_038,2024-10,319,223,263,6704,123,1,1,6,1,2024-11-12 12:00:00,487
cnt_20241011_019,2024-10,394,291,343,50622,185,2,0,7,1,2024-11-15 19:00:00,616
cnt_20241031_014,2024-10,344,264,312,6615,168,1,0,6,2,2024-12-05 16:00:00,548
cnt_20241019_036,2024-10,851,606,715,14279,478,4,1,13,2,2024-11-23 16:00:00,1578
cnt_20241017_060,2024-10,257,179,211,30444,113,1,1,4,0,2024-11-21 22:00:00,572
cnt_20241006_032,2024-10,260,195,230,21213,120,1,0,88,26,2024-11-10 12:00:00,374
cnt_20241014_053,2024-10,744,516,609,16389,396,4,1,11,2,2024-11-18 17:00:00,1407
cnt_20241027_032,2024-10,1201,876,1034,253535,554,3,3,23,4,2024-12-01 09:00:00,1737
cnt_20241016_019,2024-10,411,270,319,9675,205,1,0,112,22,2024-11-20 12:00:00,627
cnt_20241017_037,2024-10,455,303,358,66514,99,1,0,115,33,2024-11-21 13:00:00,698
cnt_20241016_039,2024-10,526,360,425,10538,224,2,1,10,2,2024-11-20 16:00:00,755
cnt_20241028_009,2024-10,804,585,690,20110,402,5,2,11,3,2024-12-02 08:00:00,1418
cnt_20241010_040,2024-10,299,210,248,6256,140,2,0,4,0,2024-11-14 11:00:00,501
cnt_20241023_042,2024-10,200,145,171,3857,94,1,0,3,0,2024-11-27 15:00:00,352
cnt_20241030_021,2024-10,1223,859,1014,27401,641,6,3,298,59,2024-12-04 12:00:00,2294
cnt_20241021_004,2024-10,152,105,124,15112,58,1,0,50,15,2024-11-25 13:00:00,304
cnt_20241022_018,2024-10,1115,752,887,225534,519,5,1,20,4,2024-11-26 13:00:00,2209
cnt_20241014_009,2024-10,557,438,517,77782,280,2,1,9,2,2024-11-18 09:00:00,1127
cnt_20241011_043,2024-10,1021,710,838,21416,511,4,3,304,60,2024-11-15 16:00:00,1427
cnt_20241030_011,2024-10,568,444,524,12084,251,2,1,10,2,2024-12-04 14:00:00,1186
cnt_20241027_019,2024-10,595,395,466,16035,261,2,0,8,1,2024-12-01 14:00:00,1052
cnt_20241006_014,2024-10,438,285,336,48295,214,1,1,6,1,2024-11-10 18:00:00,862
cnt_20241028_040,2024-10,1783,1310,1546,42980,874,9,1,35,7,2024-12-02 12:00:00,3695
cnt_20241017_012,2024-10,138,99,117,16198,68,1,0,2,1,2024-11-21 21:00:00,254
cnt_20241028_005,2024-10,1453,1027,1212,29774,699,8,2,493,98,2024-12-02 17:00:00,2150
cnt_20241001_023,2024-10,1474,1008,1189,237240,826,6,2,19,4,2024-11-05 13:00:00,2554
cnt_20241014_006,2024-10,293,215,254,8123,129,1,1,5,1,2024-11-18 15:00:00,425
cnt_20241014_058,2024-10,170,131,155,13796,94,1,0,3,0,2024-11-18 20:00:00,324
cnt_20241008_011,2024-10,785,555,655,131461,453,5,1,12,3,2024-11-12 09:00:00,1376
cnt_20241016_018,2024-10,339,222,262,31546,179,1,1,6,1,2024-11-20 21:00:00,534
cnt_20241004_006,2024-10,1330,941,1110,230535,644,8,3,25,5,2024-11-08 12:00:00,2315
cnt_20241030_018,2024-10,207,162,191,18104,113,1,0,4,1,2024-12-04 18:00:00,428
cnt_20241003_037,2024-10,270,196,231,5313,148,1,1,69,14,2024-11-07 15:00:00,458
cnt_20241016_007,2024-10,309,238,281,4468,183,1,0,6,1,2024-11-20 19:00:00,432
cnt_20241017_018,2024-10,364,283,334,7805,207,2,1,6,1,2024-11-21 09:00:00,509
cnt_20241031_007,2024-10,168,116,137,3573,80,1,0,3,0,2024-12-05 11:00:00,337
cnt_20241008_047,2024-10,2041,1482,1749,44745,1013,10,6,37,8,2024-11-12 15:00:00,2947
cnt_20241014_037,2024-10,540,401,473,55303,231,2,1,11,2,2024-11-18 20:00:00,919
cnt_20241015_035,2024-10,906,611,721,108530,320,2,1,15,3,2024-11-19 21:00:00,1224
cnt_20241011_022,2024-10,333,260,307,32338,201,1,1,7,1,2024-11-15 19:00:00,725
cnt_20241028_031,2024-10,440,293,346,68645,208,2,1,8,2,2024-12-02 15:00:00,828
cnt_20241014_052,2024-10,191,130,153,4651,92,1,0,3,0,2024-11-18 10:00:00,293
cnt_20241022_015,2024-10,796,613,723,12186,450,4,1,16,3,2024-11-26 15:00:00,1101
cnt_20241016_048,2024-10,431,335,395,6935,234,1,1,8,2,2024-11-20 10:00:00,700
cnt_20241009_020,2024-10,181,138,163,20795,76,1,0,55,16,2024-11-13 11:00:00,287
cnt_20241021_032,2024-10,820,593,700,18733,394,5,2,14,3,2024-11-25 09:00:00,1386
cnt_20241024_005,2024-10,672,479,565,11901,337,2,1,11,2,2024-11-28 09:00:00,1036
cnt_20241008_003,2024-10,352,241,284,9077,163,1,1,116,23,2024-11-12 15:00:00,487
cnt_20241016_028,2024-10,596,467,551,12386,344,1,1,10,2,2024-11-20 12:00:00,1076
cnt_20241029_036,2024-10,467,352,415,49481,166,3,1,117,34,2024-12-03 19:00:00,804
cnt_20241017_035,2024-10,277,188,222,5954,123,1,0,4,1,2024-11-21 13:00:00,603
cnt_20241031_005,2024-10,346,239,282,79125,142,2,0,5,1,2024-12-05 17:00:00,768
cnt_20241019_025,2024-10,344,262,309,6411,154,1,1,7,1,2024-11-23 14:00:00,569
cnt_20241019_005,2024-10,544,358,422,11102,253,2,2,7,1,2024-11-23 13:00:00,1068
cnt_20241013_013,2024-10,341,262,309,31349,180,1,0,6,1,2024-11-17 21:00:00,643
cnt_20241012_033,2024-10,40,30,35,803,22,0,0,1,0,2024-11-16 11:00:00,76
cnt_20241030_051,2024-10,779,607,716,16809,318,2,1,15,3,2024-12-04 11:00:00,1751
cnt_20241004_043,2024-10,218,158,186,4737,113,1,1,4,1,2024-11-08 12:00:00,479
cnt_20241029_014,2024-10,424,316,373,73756,216,2,1,9,2,2024-12-03 10:00:00,781
cnt_20241031_006,2024-10,1270,902,1064,181758,675,6,2,21,4,2024-12-05 07:00:00,2553
cnt_20241003_042,2024-10,1391,987,1165,28782,745,6,2,320,63,2024-11-07 10:00:00,2441
cnt_20241010_047,2024-10,366,259,306,8250,162,1,1,7,2,2024-11-14 09:00:00,754
cnt_20241023_019,2024-10,357,235,277,44118,127,2,0,105,30,2024-11-27 13:00:00,779
cnt_20241031_009,2024-10,175,118,139,20070,66,1,0,42,12,2024-12-05 17:00:00,239
cnt_20241030_049,2024-10,118,79,93,2814,59,0,0,2,0,2024-12-04 10:00:00,181
cnt_20241005_018,2024-10,529,395,466,90533,279,2,0,10,2,2024-11-09 14:00:00,781
cnt_20241007_029,2024-10,481,328,387,13992,195,2,1,140,27,2024-11-11 15:00:00,963
cnt_20241017_011,2024-10,649,463,546,13841,300,4,1,10,2,2024-11-21 11:00:00,1235
cnt_20241005_023,2024-10,1016,770,909,19414,605,5,2,16,3,2024-11-09 09:00:00,2253
cnt_20241014_042,2024-10,404,279,329,7153,202,2,1,8,2,2024-11-18 09:00:00,780
cnt_20241005_012,2024-10,117,79,93,13387,55,1,0,2,1,2024-11-09 20:00:00,226
cnt_20241029_034,2024-10,220,170,201,15700,116,0,1,60,17,2024-12-03 13:00:00,366
cnt_20241021_046,2024-10,287,208,245,4527,167,1,1,5,1,2024-11-25 15:00:00,520
cnt_20241023_032,2024-10,1529,1090,1286,26458,769,4,4,482,95,2024-11-27 18:00:00,2271
cnt_20241003_044,2024-10,584,424,500,13929,197,2,1,9,2,2024-11-07 19:00:00,1003
cnt_20241024_035,2024-10,138,95,112,3995,55,1,0,2,0,2024-11-28 13:00:00,216
cnt_20241022_031,2024-10,69,49,58,1713,28,0,0,19,4,2024-11-26 10:00:00,128
cnt_20241005_015,2024-10,695,495,584,18081,316,4,2,14,3,2024-11-09 14:00:00,988
cnt_20241013_019,2024-10,829,579,683,94487,303,2,1,12,4,2024-11-17 18:00:00,1583
cnt_20241021_022,2024-10,576,444,524,11468,326,2,2,12,3,2024-11-25 17:00:00,1288
cnt_20241008_001,2024-10,4372,3163,3732,74275,2170,18,12,82,16,2024-11-12 13:00:00,8863
cnt_20241002_028,2024-10,1282,929,1096,26310,691,4,1,26,5,2024-11-06 11:00:00,2383
cnt_20241008_010,2024-10,205,144,170,3249,117,1,0,4,1,2024-11-12 11:00:00,441
cnt_20241002_035,2024-10,228,170,201,4594,121,1,0,4,1,2024-11-06 19:00:00,499
cnt_20241010_013,2024-10,3767,2767,3265,80058,2110,13,4,60,12,2024-11-14 10:00:00,5287
cnt_20241012_038,2024-10,221,145,171,5040,112,1,1,3,0,2024-11-16 11:00:00,464
cnt_20241012_015,2024-10,71,51,60,1279,37,0,0,20,4,2024-11-16 15:00:00,145
cnt_20241008_027,2024-10,591,435,513,108721,314,2,1,10,2,2024-11-12 08:00:00,853
cnt_20241031_049,2024-10,988,672,793,22594,533,5,2,15,3,2024-12-05 08:00:00,2211
cnt_20241002_004,2024-10,111,82,97,1756,59,0,0,2,1,2024-11-06 07:00:00,245
cnt_20241025_001,2024-10,1961,1474,1739,33534,1072,9,4,34,7,2024-11-29 18:00:00,2738
cnt_20241006_030,2024-10,1507,1085,1280,128238,748,8,2,30,4,2024-11-10 19:00:00,3098
cnt_20241015_037,2024-10,174,118,139,4312,88,0,0,2,0,2024-11-19 12:00:00,335
cnt_20241002_014,2024-10,226,158,186,4913,115,1,0,4,1,2024-11-06 18:00:00,321
cnt_20241005_024,2024-10,86,67,79,1959,44,0,0,1,0,2024-11-09 15:00:00,154
cnt_20241021_018,2024-10,1110,852,1005,121525,419,5,3,22,6,2024-11-25 14:00:00,1600
cnt_20241018_055,2024-10,500,324,382,10310,262,2,1,132,26,2024-11-22 12:00:00,918
cnt_20241004_005,2024-10,1200,843,995,23004,660,7,3,21,4,2024-11-08 13:00:00,2015
cnt_20241010_019,2024-10,449,324,382,10926,212,2,1,6,1,2024-11-14 12:00:00,745
cnt_20241017_027,2024-10,269,199,235,25261,143,1,0,5,1,2024-11-21 20:00:00,419
cnt_20241004_036,2024-10,500,391,461,12292,255,1,1,7,1,2024-11-08 11:00:00,1013
cnt_20241012_027,2024-10,1182,799,943,99953,645,4,2,18,2,2024-11-16 21:00:00,2181
cnt_20241001_010,2024-10,287,192,227,28228,86,2,1,5,2,2024-11-05 19:00:00,420
cnt_20241018_001,2024-10,967,690,814,17826,544,5,3,13,2,2024-11-22 16:00:00,1338
cnt_20241019_013,2024-10,1460,1076,1270,34633,735,4,2,485,96,2024-11-23 07:00:00,2747
cnt_20241008_049,2024-10,616,412,486,11372,309,3,1,10,2,2024-11-12 17:00:00,1223
cnt_20241028_001,2024-10,181,125,148,3401,85,0,0,3,1,2024-12-02 12:00:00,323
cnt_20241016_054,2024-10,451,326,385,46355,155,2,1,7,2,2024-11-20 17:00:00,751
cnt_20241012_021,2024-10,404,294,347,9345,210,2,1,6,1,2024-11-16 09:00:00,673
cnt_20241007_027,2024-10,883,574,677,18350,446,2,1,15,3,2024-11-11 12:00:00,1978
cnt_20241018_026,2024-10,448,316,373,8925,252,3,1,9,2,2024-11-22 14:00:00,1002
cnt_20241023_028,2024-10,1397,1009,1191,20527,804,6,3,20,4,2024-11-27 19:00:00,3033
cnt_20241008_040,2024-10,147,100,118,18049,60,0,0,3,0,2024-11-12 18:00:00,328
cnt_20241018_014,2024-10,260,202,238,5314,141,1,0,96,19,2024-11-22 10:00:00,372
cnt_20241004_055,2024-10,339,244,288,8728,165,2,0,6,1,2024-11-08 19:00:00,541
cnt_20241005_006,2024-10,584,420,496,119785,285,1,1,9,2,2024-11-09 11:00:00,1085
cnt_20241013_002,2024-10,429,297,350,72439,222,2,1,8,1,2024-11-17 10:00:00,938
cnt_20241030_020,2024-10,928,650,767,106668,385,5,1,13,4,2024-12-04 07:00:00,1713
cnt_20241004_019,2024-10,908,629,742,87366,324,3,2,13,3,2024-11-08 18:00:00,1866
cnt_20241017_038,2024-10,122,93,110,2678,68,0,0,2,0,2024-11-21 14:00:00,241
cnt_20241005_025,2024-10,533,350,413,67688,252,1,1,9,1,2024-11-09 18:00:00,908
cnt_20241015_009,2024-10,283,190,224,6045,119,1,0,4,1,2024-11-19 09:00:00,582
cnt_20241013_028,2024-10,271,189,223,6564,132,1,0,4,0,2024-11-17 12:00:00,400
cnt_20241022_032,2024-10,684,472,557,94891,336,3,1,9,1,2024-11-26 12:00:00,1302
cnt_20241007_033,2024-10,849,650,767,13488,479,4,2,13,2,2024-11-11 12:00:00,1854
cnt_20241010_048,2024-10,244,174,205,4689,146,1,0,80,16,2024-11-14 14:00:00,450
cnt_20241031_043,2024-10,118,90,106,1935,72,1,0,2,1,2024-12-05 11:00:00,254
cnt_20241023_010,2024-10,400,263,310,7759,175,1,0,7,2,2024-11-27 17:00:00,748
cnt_20241008_019,2024-10,546,373,440,10893,272,2,1,10,2,2024-11-12 14:00:00,1074
cnt_20241031_053,2024-10,361,270,319,9462,147,1,1,8,2,2024-12-05 09:00:00,706
cnt_20241017_021,2024-10,626,478,564,11594,368,2,1,11,2,2024-11-21 18:00:00,1223
cnt_20241021_006,2024-10,245,176,208,6864,91,1,1,4,0,2024-11-25 13:00:00,448
cnt_20241029_006,2024-10,223,149,176,6007,90,1,1,4,0,2024-12-03 13:00:00,359
cnt_20241014_023,2024-10,881,601,709,15578,433,2,1,14,3,2024-11-18 18:00:00,1393
cnt_20241014_039,2024-10,352,244,288,40807,132,1,0,5,2,2024-11-18 15:00:00,541
cnt_20241023_015,2024-10,626,413,487,121179,281,3,1,10,2,2024-11-27 11:00:00,1000
cnt_20241004_044,2024-10,88,67,79,1575,45,0,0,1,1,2024-11-08 14:00:00,181
cnt_20241029_012,2024-10,386,298,352,7933,208,2,0,7,1,2024-12-03 14:00:00,534
cnt_20241010_012,2024-10,398,290,342,37455,183,1,1,7,1,2024-11-14 22:00:00,602
cnt_20241029_003,2024-10,130,85,100,2914,62,0,0,2,0,2024-12-03 18:00:00,268
cnt_20241014_047,2024-10,461,352,415,6895,293,1,1,126,25,2024-11-18 17:00:00,900
cnt_20241005_011,2024-10,597,443,523,11150,290,2,1,11,2,2024-11-09 13:00:00,1251
cnt_20241024_003,2024-10,2509,1782,2103,312087,1388,13,6,35,7,2024-11-28 16:00:00,5583
cnt_20241022_014,2024-10,325,256,302,38086,123,1,1,7,1,2024-11-26 22:00:00,524
cnt_20241011_005,2024-10,575,390,460,77714,250,2,0,9,2,2024-11-15 18:00:00,824
cnt_20241016_026,2024-10,1563,1174,1385,35494,809,5,2,32,6,2024-11-20 07:00:00,2692
cnt_20241029_046,2024-10,623,485,572,10610,336,3,1,166,33,2024-12-03 12:00:00,927
cnt_20241023_035,2024-10,261,197,232,5883,125,1,0,76,15,2024-11-27 17:00:00,498
cnt_20241010_014,2024-10,344,250,295,32534,172,2,1,105,30,2024-11-14 13:00:00,512
cnt_20241017_004,2024-10,81,61,72,8128,37,0,0,21,6,2024-11-21 11:00:00,130
cnt_20241023_001,2024-10,551,376,444,12906,285,2,1,122,24,2024-11-27 17:00:00,1108
cnt_20241004_015,2024-10,1204,866,1022,20685,598,6,3,408,81,2024-11-08 18:00:00,2273
cnt_20241021_042,2024-10,853,620,732,66760,361,5,1,13,4,2024-11-25 13:00:00,1681
cnt_20241030_039,2024-10,213,162,191,25903,73,1,0,4,2,2024-12-04 18:00:00,417
cnt_20241012_034,2024-10,126,91,107,2449,66,0,0,30,6,2024-11-16 13:00:00,195
cnt_20241018_040,2024-10,512,334,394,8517,286,2,1,8,2,2024-11-22 09:00:00,965
cnt_20241026_011,2024-10,1424,1118,1319,36212,702,6,4,22,4,2024-11-30 12:00:00,2955
cnt_20241020_006,2024-10,831,637,752,128549,437,3,2,14,3,2024-11-24 16:00:00,1737
cnt_20241024_033,2024-10,232,183,216,24311,127,1,1,4,0,2024-11-28 18:00:00,477
cnt_20241007_001,2024-10,567,440,519,10912,296,3,1,11,2,2024-11-11 17:00:00,1009
cnt_20241001_032,2024-10,838,576,680,17354,388,3,2,15,3,2024-11-05 15:00:00,1300
cnt_20241029_011,2024-10,1191,881,1040,26705,610,7,3,22,4,2024-12-03 17:00:00,1894
cnt_20241022_030,2024-10,165,122,144,3797,84,1,0,3,0,2024-11-26 09:00:00,314
cnt_20241013_005,2024-10,200,135,159,4606,102,1,1,3,0,2024-11-17 07:00:00,397
cnt_20241026_003,2024-10,263,183,216,6269,132,1,0,4,1,2024-11-30 11:00:00,577
cnt_20241029_004,2024-10,816,576,680,18253,400,3,2,15,3,2024-12-03 15:00:00,1219
cnt_20241020_022,2024-10,156,112,132,3318,81,1,0,3,1,2024-11-24 14:00:00,211
cnt_20241022_002,2024-10,712,499,589,12883,374,3,1,11,3,2024-11-26 09:00:00,1149
cnt_20241008_046,2024-10,813,564,666,130443,405,5,1,14,3,2024-11-12 19:00:00,1698
cnt_20241028_032,2024-10,186,144,170,18902,86,1,0,50,15,2024-12-02 19:00:00,373
cnt_20241016_005,2024-10,455,343,405,8177,282,2,1,9,2,2024-11-20 16:00:00,675
cnt_20241028_037,2024-10,918,618,729,24690,384,5,2,14,2,2024-12-02 07:00:00,1308
cnt_20241014_013,2024-10,76,60,71,1362,40,0,0,27,6,2024-11-18 15:00:00,110
cnt_20241014_051,2024-10,299,213,251,33579,94,1,1,91,27,2024-11-18 08:00:00,618
cnt_20241017_052,2024-10,286,214,253,4150,164,2,0,5,1,2024-11-21 17:00:00,407
cnt_20241023_020,2024-10,143,106,125,2964,69,1,0,49,9,2024-11-27 18:00:00,242
cnt_20241004_003,2024-10,512,397,468,12741,219,3,1,9,2,2024-11-08 13:00:00,1121
cnt_20241013_006,2024-10,2913,2186,2579,46185,1674,10,5,861,170,2024-11-17 19:00:00,6058
cnt_20241027_027,2024-10,2886,2102,2480,75365,1379,12,5,54,10,2024-12-01 07:00:00,4244
cnt_20241015_024,2024-10,1117,853,1007,91856,455,4,3,299,86,2024-11-19 14:00:00,1948
cnt_20241017_059,2024-10,522,375,442,79076,257,2,1,8,1,2024-11-21 11:00:00,1041
cnt_20241028_052,2024-10,386,288,340,7304,226,2,1,6,1,2024-12-02 07:00:00,767
cnt_20241014_040,2024-10,307,226,267,6750,163,1,0,6,1,2024-11-18 11:00:00,481
cnt_20241014_008,2024-10,685,482,569,12559,364,4,2,12,2,2024-11-18 19:00:00,1365
cnt_20241010_046,2024-10,418,324,382,88812,187,1,1,7,1,2024-11-14 12:00:00,595
cnt_20241008_025,2024-10,175,136,160,20293,58,1,0,52,15,2024-11-12 11:00:00,313
cnt_20241009_017,2024-10,774,580,684,61225,511,2,1,15,2,2024-11-13 18:00:00,1693
cnt_20241009_019,2024-10,463,324,382,76982,222,3,1,6,1,2024-11-13 17:00:00,728
cnt_20241003_035,2024-10,284,203,240,4879,140,2,1,5,1,2024-11-07 15:00:00,598
cnt_20241014_022,2024-10,2818,2033,2399,48244,1607,13,6,44,9,2024-11-18 14:00:00,5684
cnt_20241015_007,2024-10,522,367,433,54263,272,2,1,10,1,2024-11-19 21:00:00,967
cnt_20241017_019,2024-10,1290,963,1136,29116,589,3,3,463,92,2024-11-21 19:00:00,2636
cnt_20241007_017,2024-10,567,384,453,16369,231,1,1,10,2,2024-11-11 13:00:00,779
cnt_20241014_005,2024-10,307,241,284,25363,191,1,1,6,1,2024-11-18 20:00:00,505
cnt_20241006_013,2024-10,197,136,160,3404,101,1,0,3,0,2024-11-10 07:00:00,366
cnt_20241012_035,2024-10,1038,806,951,179348,537,3,3,21,4,2024-11-16 11:00:00,1960
cnt_20241025_002,2024-10,491,325,384,86243,240,1,1,7,1,2024-11-29 09:00:00,889
cnt_20241012_009,2024-10,480,326,385,37685,217,2,1,146,42,2024-11-16 13:00:00,943
cnt_20241028_034,2024-10,196,131,155,4604,92,1,0,3,1,2024-12-02 10:00:00,383
cnt_20241003_027,2024-10,159,126,149,2568,86,0,0,3,1,2024-11-07 10:00:00,341
cnt_20241015_011,2024-10,750,577,681,66895,474,3,1,12,1,2024-11-19 21:00:00,1400
cnt_20241004_034,2024-10,180,138,163,16640,66,1,0,3,1,2024-11-08 16:00:00,331
cnt_20241018_052,2024-10,914,661,780,157197,437,2,2,18,3,2024-11-22 17:00:00,1277
cnt_20241025_031,2024-10,650,456,538,73958,269,1,1,10,1,2024-11-29 20:00:00,1149
cnt_20241012_017,2024-10,105,79,93,2418,57,1,0,33,7,2024-11-16 11:00:00,156
cnt_20241017_008,2024-10,427,327,386,35269,178,2,1,142,41,2024-11-21 08:00:00,582
cnt_20241025_030,2024-10,391,292,345,9356,186,1,1,7,1,2024-11-29 18:00:00,666
cnt_20241029_037,2024-10,210,137,162,4128,107,1,0,3,1,2024-12-03 16:00:00,445
cnt_20241007_011,2024-10,335,259,306,7695,172,1,0,88,18,2024-11-11 11:00:00,498
cnt_20241010_025,2024-10,1321,895,1056,26327,545,7,3,406,80,2024-11-14 08:00:00,2009
cnt_20241006_005,2024-10,904,654,772,71516,523,4,2,15,2,2024-11-10 22:00:00,1966
cnt_20241007_034,2024-10,594,392,463,107058,286,3,1,8,1,2024-11-11 19:00:00,926
cnt_20241011_027,2024-10,137,92,109,3303,71,1,0,36,7,2024-11-15 07:00:00,195
cnt_20241030_008,2024-10,1596,1207,1424,166327,751,7,2,33,5,2024-12-04 22:00:00,3457
cnt_20241025_011,2024-10,521,398,470,40452,302,2,1,10,1,2024-11-29 19:00:00,788
cnt_20241025_053,2024-10,388,258,304,8903,206,1,0,7,1,2024-11-29 16:00:00,749
cnt_20241018_020,2024-10,101,78,92,10965,41,0,0,27,8,2024-11-22 09:00:00,141
cnt_20241011_030,2024-10,227,173,204,19738,115,1,0,4,1,2024-11-15 20:00:00,403
cnt_20241021_039,2024-10,563,386,455,12374,257,3,1,9,2,2024-11-25 15:00:00,1025
cnt_20241030_041,2024-10,779,537,634,97146,368,2,1,12,2,2024-12-04 18:00:00,1286
cnt_20241026_005,2024-10,189,141,166,17032,69,1,0,3,1,2024-11-30 12:00:00,391
cnt_20241022_027,2024-10,159,118,139,2497,92,1,0,3,1,2024-11-26 10:00:00,347
cnt_20241005_010,2024-10,1075,827,976,20963,534,4,2,19,4,2024-11-09 08:00:00,1570
cnt_20241007_028,2024-10,335,256,302,5470,188,1,0,94,19,2024-11-11 16:00:00,646
cnt_20241005_008,2024-10,271,180,212,5013,129,1,1,5,1,2024-11-09 11:00:00,478
cnt_20241031_044,2024-10,265,206,243,5117,136,1,0,79,15,2024-12-05 08:00:00,531
cnt_20241011_012,2024-10,76,51,60,1711,27,0,0,1,0,2024-11-15 19:00:00,109
cnt_20241011_049,2024-10,621,424,500,65900,160,2,1,201,58,2024-11-15 16:00:00,1294
cnt_20241028_024,2024-10,563,375,442,53554,300,3,1,9,2,2024-12-02 21:00:00,1170
cnt_20241025_035,2024-10,318,227,268,7430,137,1,1,77,16,2024-11-29 17:00:00,576
cnt_20241008_042,2024-10,340,224,264,7924,178,1,1,90,18,2024-11-12 07:00:00,486
cnt_20241029_045,2024-10,136,95,112,2558,76,1,0,2,0,2024-12-03 11:00:00,260
cnt_20241025_051,2024-10,285,188,222,5934,132,1,0,5,1,2024-11-29 15:00:00,491
cnt_20241008_018,2024-10,306,207,244,74271,106,2,0,4,1,2024-11-12 19:00:00,664
cnt_20241022_026,2024-10,160,106,125,4620,59,1,0,3,1,2024-11-26 08:00:00,288
cnt_20241005_002,2024-10,85,62,73,2033,41,0,0,1,1,2024-11-09 12:00:00,129
cnt_20241028_010,2024-10,377,273,322,6521,201,2,1,6,1,2024-12-02 12:00:00,591
cnt_20241018_028,2024-10,560,434,512,12456,268,2,1,11,2,2024-11-22 19:00:00,1011
cnt_20241027_009,2024-10,746,545,643,14876,328,2,1,15,3,2024-12-01 19:00:00,1390
cnt_20241024_031,2024-10,1635,1185,1398,34951,815,8,4,558,110,2024-11-28 15:00:00,2908
cnt_20241007_024,2024-10,341,226,267,40923,157,1,1,5,1,2024-11-11 20:00:00,532
cnt_20241010_049,2024-10,320,227,268,5582,172,1,1,6,1,2024-11-14 07:00:00,525
cnt_20241003_012,2024-10,445,329,388,6663,247,3,1,9,2,2024-11-07 17:00:00,735
cnt_20241008_050,2024-10,709,532,628,105432,387,3,2,11,2,2024-11-12 09:00:00,989
cnt_20241021_009,2024-10,244,164,194,5090,132,1,0,4,1,2024-11-25 08:00:00,502
cnt_20241027_033,2024-10,545,382,451,12537,266,2,1,158,32,2024-12-01 18:00:00,1187
cnt_20241003_003,2024-10,612,451,532,62551,347,3,1,10,2,2024-11-07 21:00:00,1186
cnt_20241023_026,2024-10,787,522,616,129521,350,4,2,12,3,2024-11-27 16:00:00,1242
cnt_20241015_023,2024-10,466,324,382,77073,219,3,1,8,2,2024-11-19 19:00:00,737
cnt_20241016_055,2024-10,429,297,350,39877,232,1,1,7,1,2024-11-20 21:00:00,771
cnt_20241017_006,2024-10,447,305,360,47961,164,1,1,6,2,2024-11-21 08:00:00,768
cnt_20241031_011,2024-10,520,400,472,8604,311,2,1,8,1,2024-12-05 13:00:00,1094
cnt_20241001_002,2024-10,431,308,363,10795,200,2,1,7,1,2024-11-05 17:00:00,945
cnt_20241025_055,2024-10,1131,886,1045,17868,707,6,2,17,4,2024-11-29 17:00:00,2532
cnt_20241018_053,2024-10,370,282,333,6310,200,2,0,94,19,2024-11-22 19:00:00,633
cnt_20241003_010,2024-10,296,234,276,23875,130,2,1,97,28,2024-11-07 18:00:00,539
cnt_20241004_017,2024-10,173,113,133,3670,85,1,0,3,1,2024-11-08 09:00:00,338
cnt_20241015_029,2024-10,90,60,71,1635,44,0,0,1,0,2024-11-19 13:00:00,163
cnt_20241012_041,2024-10,288,194,229,25864,105,1,1,87,25,2024-11-16 16:00:00,392
cnt_20241029_039,2024-10,100,69,81,1883,53,0,0,28,5,2024-12-03 18:00:00,190
cnt_20241022_033,2024-10,317,243,287,34954,172,1,1,6,1,2024-11-26 18:00:00,582
cnt_20241030_003,2024-10,986,699,825,187413,474,4,2,18,4,2024-12-04 17:00:00,1697
cnt_20241028_015,2024-10,310,220,260,37052,124,1,1,93,27,2024-12-02 14:00:00,681
cnt_20241026_040,2024-10,952,663,782,19212,437,2,2,18,4,2024-11-30 08:00:00,1490
cnt_20241010_024,2024-10,60,41,48,1238,25,0,0,15,3,2024-11-14 17:00:00,134
cnt_20241026_035,2024-10,413,299,353,33382,211,1,0,8,1,2024-11-30 20:00:00,912
cnt_20241021_021,2024-10,1163,761,898,196671,478,6,1,19,4,2024-11-25 16:00:00,1887
cnt_20241024_010,2024-10,849,664,784,20065,419,4,2,17,3,2024-11-28 07:00:00,1194
cnt_20241008_033,2024-10,608,429,506,11916,327,3,1,9,2,2024-11-12 16:00:00,1075
cnt_20241008_006,2024-10,416,291,343,54033,226,2,1,6,1,2024-11-12 08:00:00,873
cnt_20241015_036,2024-10,295,231,273,4969,163,1,0,104,21,2024-11-19 11:00:00,617
cnt_20241031_015,2024-10,2368,1671,1972,57878,1151,11,3,40,8,2024-12-05 16:00:00,5239
cnt_20241004_028,2024-10,209,164,194,32614,110,1,1,4,0,2024-11-08 07:00:00,450
cnt_20241002_015,2024-10,571,437,516,43401,352,3,1,10,2,2024-11-06 22:00:00,1024
cnt_20241002_040,2024-10,419,324,382,6813,257,1,0,146,29,2024-11-06 10:00:00,639
cnt_20241028_029,2024-10,460,341,402,37520,304,2,1,9,2,2024-12-02 21:00:00,680
cnt_20241026_030,2024-10,375,252,297,10272,144,1,1,6,1,2024-11-30 10:00:00,678
cnt_20241019_028,2024-10,951,705,832,17938,471,4,1,20,4,2024-11-23 10:00:00,1354
cnt_20241006_019,2024-10,566,421,497,13360,279,3,1,10,2,2024-11-10 12:00:00,935
cnt_20241021_033,2024-10,516,370,437,13504,248,2,1,9,2,2024-11-25 11:00:00,766
cnt_20241019_006,2024-10,390,266,314,38708,174,1,1,5,1,2024-11-23 20:00:00,776
cnt_20241022_007,2024-10,352,268,316,6779,160,2,0,6,2,2024-11-26 14:00:00,776
cnt_20241002_017,2024-10,167,116,137,16027,78,1,0,3,0,2024-11-06 18:00:00,241
cnt_20241012_026,2024-10,472,337,398,9535,207,2,1,138,28,2024-11-16 16:00:00,687
cnt_20241001_026,2024-10,237,176,208,3554,139,1,0,4,1,2024-11-05 14:00:00,488
cnt_20241026_041,2024-10,638,457,539,15513,268,2,1,11,2,2024-11-30 19:00:00,867
cnt_20241029_042,2024-10,200,147,173,4013,116,1,0,4,1,2024-12-03 17:00:00,405
cnt_20241031_003,2024-10,102,80,94,1449,63,0,0,2,1,2024-12-05 17:00:00,187
cnt_20241014_018,2024-10,785,520,614,15820,406,4,2,221,44,2024-11-18 09:00:00,1736
cnt_20241009_040,2024-10,468,342,404,46104,190,3,1,9,1,2024-11-13 21:00:00,987
cnt_20241002_030,2024-10,191,138,163,16244,79,1,0,3,1,2024-11-06 13:00:00,275
cnt_20241018_006,2024-10,455,301,355,12708,199,1,1,7,1,2024-11-22 19:00:00,663
cnt_20241004_020,2024-10,101,73,86,12294,40,0,0,1,0,2024-11-08 16:00:00,195
cnt_20241031_002,2024-10,765,558,658,72882,333,3,1,240,69,2024-12-05 17:00:00,1669
cnt_20241016_044,2024-10,447,330,389,43198,179,1,1,6,1,2024-11-20 16:00:00,862
cnt_20241027_029,2024-10,1899,1326,1565,318559,851,7,4,31,7,2024-12-01 11:00:00,2690
cnt_20241001_038,2024-10,135,91,107,2583,61,1,0,2,0,2024-11-05 18:00:00,227
cnt_20241027_036,2024-10,1393,941,1110,33406,618,6,2,20,4,2024-12-01 12:00:00,2743
cnt_20241002_041,2024-10,1011,687,811,23102,495,5,2,13,2,2024-11-06 11:00:00,1796
cnt_20241005_020,2024-10,317,250,295,7035,159,2,1,110,22,2024-11-09 18:00:00,533
cnt_20241024_004,2024-10,333,236,278,5768,163,1,1,6,1,2024-11-28 09:00:00,577
cnt_20241027_025,2024-10,312,244,288,5675,178,2,1,7,1,2024-12-01 07:00:00,696
cnt_20241011_034,2024-10,91,67,79,9311,37,0,0,27,8,2024-11-15 09:00:00,199
cnt_20241023_023,2024-10,481,317,374,58303,184,2,1,7,1,2024-11-27 20:00:00,890
cnt_20241002_005,2024-10,572,378,446,14579,250,2,2,11,3,2024-11-06 15:00:00,1269
cnt_20241001_031,2024-10,384,297,350,6664,222,2,1,8,2,2024-11-05 10:00:00,760
cnt_20241027_021,2024-10,840,639,754,107254,300,2,1,16,5,2024-12-01 17:00:00,1356
cnt_20241031_020,2024-10,2153,1413,1667,45893,924,8,3,27,5,2024-12-05 16:00:00,4038
cnt_20241014_024,2024-10,619,446,526,9061,370,2,1,9,2,2024-11-18 18:00:00,1353
